#,ENGINEER ONLY - Enter installation client ref (excluding the letters),ENGINEER,Did the engineer arrive on time?,How satisfied were you with the quality and standard of the work that was carried out?,How satisfied were you with the connection speed demonstrated?,Based just on your install experience today how likely are you to recommend Freedom Fibre to a friend or colleague?,Please add any further comments you have that would help better our service.,Response Type,Start Date (UTC),Stage Date (UTC),Submit Date (UTC),Network ID
0ptspe87tban6umjly1vh0ptspoxqpuo,610010778,Curtis,1,5,3,5,"Curtis was brilliant, he was very careful and very polite.",completed,20/12/2023 10:30,,20/12/2023 10:35,4ea6d4aa4b
jlsbfgqhlm7kjlsbiwvpmw472cya2pmu,610010784,Curtis,1,5,4,5,"Polite, did the job clean and tidy.",completed,20/12/2023 10:17,,20/12/2023 10:19,4ea6d4aa4b
4q5y8g1prssey25tcl4q5y8uulwmy7sr,610010785,Anthony,1,5,5,4,All good,completed,20/12/2023 10:13,,20/12/2023 10:16,4ea6d4aa4b
8uj4x2t53jd0jrjrb998uj4x2trpv4f7,10010755,Tony,1,5,5,5,"They were fine, our router is upstairs so they had to think on their feet but they were great",completed,15/12/2023 10:23,,15/12/2023 10:24,c7e9a157bf
oy5tatugtm4q2uoy5tlsaelzkydoajt1,2210010158,Paul,1,5,5,5,"Very happy with Paul, the engineer was very good he explained everything very well and was brilliant. Would highly recommend",completed,11/12/2023 15:47,,11/12/2023 15:50,1191227944
9mkv7f3fdur3ixqs3e9mkvygawpkh3ju,610010286,Tony,1,5,5,5,,completed,11/12/2023 15:39,,11/12/2023 15:41,1191227944
5n56hraucqk7hb421d5n599zdoigtxzr,210009949,Lucy,1,5,4,5,Service from the engineer was fantastic. Lucy was professional and did a great job. Very impressed with the service,completed,11/12/2023 15:33,,11/12/2023 15:37,1191227944
p8m4fqzkb6xardxpp8m4fbmuj83w3k22,10009528,Curtis,1,5,5,5,"very polite and courteous, I'd recommend them to anyone",completed,01/12/2023 13:59,,01/12/2023 14:04,60e4bd1d1f
pc2dkwezqxwvw09vqtorqqpc2dkweqxq,10010380,Anthony,1,5,5,5,,completed,01/12/2023 13:53,,01/12/2023 13:56,0cd8a9fd55
alxzizr28gbt8y9malxzhru8jwvv3dms,10010481,Tony,1,5,5,5,It's very good,completed,01/12/2023 13:47,,01/12/2023 13:59,60e4bd1d1f
hnzrsi9pyoghz9phnztohtew9phn43t7,10010477,Tony,1,5,5,5,"Jolly good job, really well done although there was a little bit of difficulty with fences but they managed to get it done",completed,29/11/2023 12:54,,29/11/2023 12:57,4ea6d4aa4b
vkfzl2edjhyko49o0kvkfzl29jgdze57,10010430,Harry,1,5,5,5,.,completed,29/11/2023 12:41,,29/11/2023 12:45,4ea6d4aa4b
7vvq2nclykoriwe0w587vvq2ngvmci5v,110010182,Lucy,1,3,1,3,,completed,28/11/2023 17:44,,28/11/2023 17:48,1191227944
kvyvix7newn39dos31jkvyvi63yoa5q2,2110010387,Curtis,1,5,5,5,,completed,28/11/2023 17:34,,28/11/2023 17:40,1191227944
qdu5qhd5a0gmguwqdu5g5m8cd0bi6j1h,100105,Harry,1,5,5,5,n/a,completed,22/11/2023 11:01,,22/11/2023 11:03,4ea6d4aa4b
0p6uyj1g69z57xa0p6utbtd3ruqr0lxu,10010353,Lucy,1,5,5,5,Very interesting to see the install being carried out,completed,22/11/2023 10:56,,22/11/2023 10:59,4ea6d4aa4b
mgw2fybrpdd6o0vznbhps08qmgw2fy7g,10010373, Curtis,1,5,4,5,Very good.,completed,22/11/2023 10:47,,22/11/2023 10:52,4ea6d4aa4b
u5khtd0buk2ap872a5op1u5khtc12bt8,10046, Curtis,1,5,5,5,was in work but explained he was happy to put everything as a good standard and is happy with the work complete,completed,16/11/2023 12:03,,16/11/2023 12:06,4ea6d4aa4b
budsrnjvh0a50k5dzhmlj6budsrnk079,10009912,Anthony,1,5,5,5,,completed,16/11/2023 11:29,,16/11/2023 11:36,4ea6d4aa4b
6tsgdw90gkx86un2squgz6tsgdw90y4n,10009570,Kieron,1,5,4,3,"Engineers were lovely but it was very inconvenient, I wasn't given any information and thought they would just come and switch my router but then I had 4 vans on the front, guys on the roof and none of it was explained to me when I was called to book an appointment.",completed,16/11/2023 10:51,,16/11/2023 11:25,4ea6d4aa4b
yd3yeg7aunjyyueh2nyd3yeg4d1kr70n,10010029,Curtis,1,5,5,5,"He was very nice, we had no problems with him. Everything went fine and he explained everything.",completed,02/11/2023 10:17,,02/11/2023 10:39,4ea6d4aa4b
3d06g0ebczjryrs3d06q4vh6f4exywi7,10009983,Lucy,,,,,They were very pleasant and not obtrusive. I didn't have to do anything and they did everything they needed to do - ((cx scored 3 for recommendation as they are ambivalent about the internet in general)),completed,02/11/2023 10:17,,02/11/2023 10:35,4ea6d4aa4b
ic4pv4bnujxzozn43giyic4pv45auvoa,10009982,Harry,1,5,5,5,He did well,completed,02/11/2023 10:16,,02/11/2023 10:20,4ea6d4aa4b
50zcpu7t5w5cgsm07c950zcpuzdiaziz,10009970,Lucy,1,5,5,5,"The engineer was really accommodating, we had our line in a difficult place as it had to come through the conservatory and was hard to get to. We're really happy with it",completed,26/10/2023 09:30,,26/10/2023 09:49,4ea6d4aa4b
1uw7x6nhrjh3kxttp1uw7x6nh9ku5bdm,10009971,Curtis,1,5,5,5,I'm very satisfied,completed,26/10/2023 09:29,,26/10/2023 15:34,4ea6d4aa4b
pneef5m3cg0ph7pnee43arnl1b28fsv7,10009895,Callum,1,5,5,5,"I give Callum a 5 overall, very happy with his work",completed,26/10/2023 09:29,,26/10/2023 11:18,4ea6d4aa4b
6e45ule6pv087lqnq5n6e45ixwcor3dw,10009966,Harry,1,4,4,4,The cap that was put on the outside wall where the fibre cable feeds into fell off after the engineer left.,completed,25/10/2023 08:23,,25/10/2023 08:27,4ea6d4aa4b
45rv20a6i274mtnwvoybm3345rv20adq,10009697,Callum,1,5,5,5,It was fine.,completed,25/10/2023 08:17,,25/10/2023 08:20,4ea6d4aa4b
t07epoxu04oygnolnko7t07epoxhc5za,110009623,Anthony,1,5,5,5,"Everything was great, engineer was polite.",completed,25/10/2023 08:06,,25/10/2023 08:15,4ea6d4aa4b
feutvnxyxdozbyyib5799zlfeutvngcm,10008783,Lucy,1,5,5,5,"She was very polite and explained everything to us, initially there was a problem but she overcame that and everything went well. She explained what she was doing and did the connection really well. We're very satisfied with it",completed,19/10/2023 08:15,,19/10/2023 08:17,4ea6d4aa4b
rw23lejjf0vbwvt8fm5kvrw23lupxchj,10009596,Curtis,1,5,5,5,"very good, very neat, would score a ten if I could",completed,19/10/2023 08:10,,19/10/2023 12:05,4ea6d4aa4b
jrnt5vqlgau57occ1hjrnt5vqhpzuhqm,10009508,Daniel,1,5,5,5,"Did a great job, was very patient",completed,19/10/2023 08:08,,19/10/2023 12:00,4ea6d4aa4b
rv6xydt292oysbw3zrv6xyxkkl5ovifv,610009364,Curtis,1,5,1,5,No further comments,completed,11/10/2023 14:40,,11/10/2023 14:43,aa5d573bc7
ur5q4uxx61u13e8rvfur5qxtl4wx3k9z,2410009164,Paul,1,5,3,5,Things went smoothly.,completed,11/10/2023 14:35,,11/10/2023 14:37,aa5d573bc7
y6f8q8iw78262z8t0y6h3n17chydj5ve,10009299,Curtis,1,4,5,5,Great Job,completed,05/10/2023 09:27,,05/10/2023 09:34,121818e398
zvgemgcdvpuu815txc1zvge1et6ag7an,10009300,Harry,1,5,5,5,Very good experience.,completed,04/10/2023 10:27,,04/10/2023 10:30,4ea6d4aa4b
xdtr89r3v6438k2jbuxdtrdwgs7qnt3p,2210009096,Callum,1,5,5,5,It went very well and happy with the install.,completed,04/10/2023 10:23,,04/10/2023 10:26,4ea6d4aa4b
u13xdx3svforqekflu13xdxc4yt9zvii,10009386,Anthony,1,5,5,5,He was very impressed with the engineer,completed,04/10/2023 10:18,,04/10/2023 10:21,4ea6d4aa4b
i6vfwndmkui2bh0i6vk3tbevdbh4r6e8,10009179,Danny,1,5,1,3,The service stopped working as soon as the engineer left. After checking this I can see its been provisioned using duplicate CVLAN. Customer called TalkTalk BAU and not future fibre who provided no help and gave the wrong information,completed,02/10/2023 13:38,,02/10/2023 13:51,88de4a0528
t1jc4xh8kikkjq3u7t1vo291bkkbyyk6,10009160,Lucy,1,5,5,5,,completed,02/10/2023 12:40,,02/10/2023 12:43,0cd8a9fd55
tj8xa7dybczxvu86tj8sxa9ct3rd3pfa,10009162,Callum,1,5,5,5,Engineer was professional and polite,completed,02/10/2023 12:36,,02/10/2023 12:40,0cd8a9fd55
fdrbmzsqpj2uw9x96aj89964nfdrbmzs,10008965,Anthony,1,5,5,5,Did a really good job,completed,28/09/2023 09:29,,28/09/2023 09:31,60e4bd1d1f
33l566zo8c3dz488y33l5uvcb3bx0dis,2110009087,Paul,1,5,5,5,He was fantastic,completed,27/09/2023 12:18,,27/09/2023 12:21,4ea6d4aa4b
a1zkb68auo940vt7putvwa1zkb1sbqs5,2210009097,Callum,1,4,4,4,NA,completed,27/09/2023 08:31,,27/09/2023 08:34,4ea6d4aa4b
shpn7zxfybt7gy81exdshpncr12xlgxj,10009099,Anthony,1,4,4,5,NA,completed,27/09/2023 08:27,,27/09/2023 08:29,4ea6d4aa4b
kvjkrf78ymywolv1a5fkvjk97mj38x7i,10009142,Lucy,0,4,1,5,Wireless connection almost does not work at all. Wired works perfect. Router is less than a meter from the playstation and it always drops out. showing around 50mbps when connected on wireless,completed,26/09/2023 12:21,,26/09/2023 12:27,4ea6d4aa4b
hvo8rqjjreva1hvo8rqp2kgbn1vgoqjg,10009076,Curtis,1,5,5,5,,completed,26/09/2023 12:11,,26/09/2023 12:16,4ea6d4aa4b
kxq8el0azjsryxoh0kxq888teltnqdbk,10008976,Paul,1,5,4,5,"Engineer worked very well, was on time and worked quietly and cleanly",completed,22/09/2023 09:36,,22/09/2023 16:15,60e4bd1d1f
62pviedz1mobaqlyi262pvi9sevg3n49,10008978,Mark,1,5,5,5,The engineer was friendly and thoughtful in what he did and how he entered my house. He just got on with the job and there were no problems.,completed,22/09/2023 09:35,,22/09/2023 09:39,60e4bd1d1f
cpywefndva54im97a2qdcpywef0q85yz,10009198,Curtis,1,1,1,1,Engineer was lovely but internet isn't working right now,completed,22/09/2023 09:32,,22/09/2023 15:47,60e4bd1d1f
zlhx5tfbl46krvn7kfzlhzpi9e3m7jl1,10008850,Mark,1,5,5,5,Customer was happy with the engineer work.,completed,22/09/2023 09:11,,22/09/2023 09:12,aa5d573bc7
0v1eg3qhxek36poe0v1egh01x3frp11u,10009013,Callum,1,5,5,5,Friendly engineers and got the job done,completed,22/09/2023 08:50,,22/09/2023 08:56,0cd8a9fd55
74vkuxbp0su2ig1u5bke74vku7q70p4e,10008982,Paul,1,4,4,4,,completed,22/09/2023 08:29,,22/09/2023 08:38,0cd8a9fd55
ioyzwp4ul19cb56urmazioyzc5en25kr,10008999,Daniel,1,5,5,5,"It was done very considerably, it was clean and the engineer was very polite.",completed,15/09/2023 12:17,,15/09/2023 12:23,aa5d573bc7
7w7bw1vskuslptart7w7bwrlofqkmoh7,10008503,Harry,1,5,5,5,He was very good and put the box in the place we wanted it. He arrived early and it was very easy.,completed,14/09/2023 13:16,,14/09/2023 13:21,60e4bd1d1f
0j89rai4bm5wpymo0j89raistyg0f9e9,10009075,Harry,0,4,4,4,"Engineer was around 10 minutes later, customer understands as he was running late on last install, install seemed really quick which was good and Harry was well mannered and polite",completed,13/09/2023 11:37,,13/09/2023 12:16,216d4d08a4
kavfh3zlmt2p0kavwz0zlnxq2x55u66r,1000871,Harry,1,4,4,4,,completed,13/09/2023 09:04,,13/09/2023 09:07,4ea6d4aa4b
7iw5sergoz7zs5m2m33rty7iw5s3n3w1,10008865,Curtis,1,5,5,5,,completed,12/09/2023 12:08,,12/09/2023 12:10,121818e398
v51aeej29y2w9dluy6knq3v51aee8jwj,10008987,Callum,0,4,5,5,,completed,12/09/2023 09:22,,12/09/2023 09:29,121818e398
wzju5i5k63h0gto83wzju5if0eabui7j,15747844,Harry,1,5,5,5,,completed,26/08/2023 15:40,,26/08/2023 15:40,5c6afc6394
bdiont25ed9ddonejbdion90x8egx5js,15748098,Paul,1,5,5,5,,completed,26/08/2023 15:39,,26/08/2023 15:39,5c6afc6394
r3dfmg5qd2haad8xrwph09m99uznefzu,15915431,Mark,1,5,5,5,"Was fine, the people were fine,",completed,26/08/2023 15:31,,26/08/2023 15:31,5c6afc6394
kxn0y7commniddktokxn0y2ad04oke38,15681080,Mark,1,5,5,5,,completed,26/08/2023 15:29,,26/08/2023 15:30,5c6afc6394
r7u01peootn13sxr7u060bqx9ta5s1t0,15964771,Daniel,1,5,5,5,,completed,26/08/2023 15:28,,26/08/2023 15:29,5c6afc6394
orbijpogo72cd0uzfbkynporbijpdfgh,15748698,Callum,1,5,5,5,very happy no issues,completed,26/08/2023 15:19,,26/08/2023 15:20,5c6afc6394
x96jxzt7yk6nzeyx96sbp666e3zzywhc,15680784,Anthony,1,5,5,5,,completed,26/08/2023 15:18,,26/08/2023 15:18,5c6afc6394
bzx8neskqoz75cfupxbzx8n9awjd99oh,15801006,Paul,1,5,4,3,speeds are up and down,completed,26/08/2023 15:11,,26/08/2023 15:12,5c6afc6394
e0a31cusuw1rayycjo6e0a31cxq4v54x,15680432,Callum,1,5,5,5,,completed,26/08/2023 15:06,,26/08/2023 15:07,5c6afc6394
qerplki88q5fm8jmpoinqerplw1z7hr9,15680690,Kieron,1,5,5,5,very helpful,completed,26/08/2023 15:01,,26/08/2023 15:02,5c6afc6394
g769ql86sv1658qhg769ql8xmwbmpxcc,15900400,Anthony,1,5,5,5,"very happy , the engineers where very comfortable to be around and nice lads no issues",completed,18/08/2023 13:32,,18/08/2023 13:33,5c6afc6394
0mwcwie9bfkgq0b0wz80mwcwbkmjyfjl,15679739,Daniel,1,5,3,2,"Router keeps kicking out every 10 mins , spoke to TT yesterday and are sending new router .",completed,18/08/2023 13:22,,18/08/2023 13:23,5c6afc6394
ld4nav32teqzp85tt97ld4navqddcvus,15679519,Anthony,1,5,5,5,super team no issues,completed,18/08/2023 13:05,,18/08/2023 13:06,5c6afc6394
3kcs3kzfymnbj33kcs3jprx383iphhby,15699221,Anthony,1,5,5,5,,completed,18/08/2023 12:57,,18/08/2023 12:57,5c6afc6394
fmrermq2mayhsfqy9nn2ufmrermfj9hl,15679107,Mark,1,5,5,5,,completed,18/08/2023 12:49,,18/08/2023 12:50,5c6afc6394
xpboz82vf6gmn0qxpboz9aglysgt2d66,15679134,Mark,1,5,5,5,,completed,18/08/2023 12:45,,18/08/2023 12:46,5c6afc6394
eyubwevwviophrukm9eyubwevxb0u2ey,15679405,Paul,1,5,5,5,,completed,18/08/2023 12:39,,18/08/2023 12:40,5c6afc6394
h5v8xt577todhe85lj4h5v8xt57gy7lx,15679082,Paul,1,4,5,5,"only issue  is external box is covering Sky cables, we will arrange a visit with Kieron to move .",completed,18/08/2023 12:34,,18/08/2023 12:37,5c6afc6394
3kerr8dm9o0g8c7qhh3kerr8pjecl8jt,15670138,Daniel,1,5,4,5,all god so far no issues,completed,18/08/2023 12:01,,18/08/2023 12:02,5c6afc6394
lar91kymdw00o6lar91kyut5gy2hcme5,15730382,Daniel,1,5,5,5,"boys was fab , Kerion went the extra mile and put all gravel back tidy .",completed,18/08/2023 11:55,,18/08/2023 11:57,5c6afc6394
bvdox8aj40o0zee6m47fbvdox8bekvfg,10008514,Daniel,1,5,5,5,"Was fine, the people were fine,",completed,14/08/2023 09:24,,14/08/2023 09:25,d7e6c3350f
yvuq19qhd9isyzklyvuqfp1fn823nos8,10008506,Harry,1,5,5,5,"the guys worked hard, quick as could be, polite clean and tidy",completed,11/08/2023 08:14,,11/08/2023 08:16,d7e6c3350f
y1yjdzqy35ikp8k1h14fhy1yjdzqy78k,10008501,Daniel,1,5,3,4,"Click on speeds its not really changed much, when the engineer plugged inn his device it did show up 150 so might be just be my phone",completed,11/08/2023 08:06,,11/08/2023 08:07,d7e6c3350f
gh33soq0ivwuk6f6gh33soch0hp1ha0h,10008450,Anthony,1,5,5,5,Good Professional,completed,10/08/2023 08:24,,10/08/2023 08:25,d7e6c3350f
l7oeg9ca5wvg9l1tyxl7oeg9ajtrl1nc,10008485,Anthony,1,5,1,1,"Broadband not working, contacted talk talk and they are dealing with it.",completed,10/08/2023 08:20,,10/08/2023 08:21,d7e6c3350f
2itagwlpqzke2i3lvgog2itagw73706z,10008441,Anthony,1,5,1,3,broadband not currently working. the engineer was fine!,completed,09/08/2023 08:32,,09/08/2023 08:33,d7e6c3350f
prk1uycvn8kqxzprk1u85l8m1q2usi7u,10008440,Harry,1,5,1,3,Internets not working and awaiting follow up appointment,completed,09/08/2023 08:26,,09/08/2023 08:27,d7e6c3350f
y15ylbe9sdidnswchozf4y15ylbef983,10008477,Anthony,1,3,1,1,"Installed in a Bad location where it doesn't work throughout the house, tv isn't working now.",completed,09/08/2023 08:19,,09/08/2023 08:22,d7e6c3350f
fj78evg9mpcuzosfj78fn76t357j8wh1,10008430,Anthony,1,4,3,4,would of like more info before install,completed,08/08/2023 13:04,,08/08/2023 13:06,d7e6c3350f
r71xselpnotw46mbr71xy01mewscez0a,10008434,Paul,0,5,4,5,very good very tidy cleaned up and no mess,completed,08/08/2023 09:46,,08/08/2023 09:48,d7e6c3350f
26vuf53nmj3cp7thpa1x26vufe1nep7b,10008433,Daniel,1,5,5,5,The install Danny was great professional nice was very happy with it,completed,08/08/2023 09:29,,08/08/2023 09:30,d7e6c3350f
ehcaqey1ru6oimmp6qm0nxehcaqeoeai,10008406,Kieron,1,5,5,5,guy did a speed check and didnt have ethernet connection and he called back later while he was out i thought id check the speed on talk talk i have one on my phone just a standard one. it says it 8mbps,completed,08/08/2023 09:04,,08/08/2023 09:06,d7e6c3350f
ttq1nlrq6w6wsilrk1ttq1nrubk16ulb,10008347,Harry,1,4,4,4,The chap who came was very good but wanted more info from talk talk,completed,07/08/2023 13:47,,07/08/2023 13:48,59e84c762e
1qju62z4oko06od9pnbg1qju62pegtvg,10008475,Anthony,1,5,5,5,everything was okay,completed,07/08/2023 13:44,,07/08/2023 13:45,59e84c762e
anqmz9ftl146xdanq99g3vca31sbcyn2,10007925,Mark,1,5,5,5,we didnt know what it would involve a drill,completed,07/08/2023 13:32,,07/08/2023 13:33,59e84c762e
czrgxx8c3bjt3ao4edlczrgxw0jtr1mi,10008398,Anthony,1,5,4,5,no,completed,07/08/2023 10:19,,07/08/2023 13:27,59e84c762e
7b5l7dtf15iluesd27b5jq30lwi9zvmw,10008396,Paul,1,5,5,5,Fantastic,completed,07/08/2023 10:12,,07/08/2023 10:13,59e84c762e
orm3ljfu2nqcsmwwormyyd1iif46coqk,10008442,Harry,1,5,5,5,,completed,07/08/2023 09:51,,07/08/2023 09:52,59e84c762e
oihnzkw9z4c6ytz162y8yoihnzkw9c66,10007978,Harry,1,5,5,5,Couldn't fault them at all,completed,04/08/2023 08:26,,04/08/2023 08:27,59e84c762e
uvbybht9z9lv8tw9pkuvbyb0adgmkpdq,10008393,Mark,1,5,5,5,"engineers were prompt professional and done a great job, top marks.",completed,04/08/2023 08:23,,04/08/2023 08:25,6103263c88
lbeni5pvyzwhtbn7fqlbeni57mrl6uz3,10007938,Daniel,1,3,5,3,Broadband is not working,completed,04/08/2023 08:22,,04/08/2023 08:23,59e84c762e
818kei5bmmvadnz3nzcmw818keiym4dd,10008380,Paul,1,5,4,3,No,completed,04/08/2023 08:17,,04/08/2023 08:19,59e84c762e
2lmterbk02l1fod6l2lmt9tektv0dz9e,10008331,Anthony,1,4,5,5,N/a,completed,03/08/2023 13:19,,03/08/2023 13:20,59e84c762e
6o57n09dosglig24u6o5dt607mckwdqp,10008340,Anthony,1,5,5,5,N/a,completed,03/08/2023 12:45,,03/08/2023 12:46,59e84c762e
iz0hv7qiy9tdtkkz7eim0iiz0hv7qihu,10008318,Callum,1,5,5,5,1 hiccup but was sorted out,completed,03/08/2023 10:15,,03/08/2023 10:17,59e84c762e
hqw0yroloz6qnrohqw0yad8dq7mt4mlf,10007935,Mark,1,5,4,5,very good tidy and efficient,completed,03/08/2023 09:35,,03/08/2023 09:37,59e84c762e
3fmnfitx1pwjtqqebd3fmnfiozo0gosy,10008367,Paul,1,5,5,5,No,completed,03/08/2023 08:49,,03/08/2023 08:53,59e84c762e
e6g45l1ssk9zq4oq64mkze6g45l06b2z,10007667,Callum,1,5,4,5,Callum was very good very clean very tidy,completed,02/08/2023 09:40,,02/08/2023 09:42,59e84c762e
1jfoq7t0w50mnmk1jfoqmkwnz96r5icg,10008250,Mark,1,5,5,5,really nice guy credit to the company,completed,02/08/2023 09:32,,02/08/2023 09:33,59e84c762e
uyo24d1pfpaq3s2g4uuyo24xv49bvwuu,10007950,Kieron,1,4,4,4,no,completed,02/08/2023 09:22,,02/08/2023 09:23,59e84c762e
kxx98pv1q8vw746ofaekxx98pvwd4agu,10007886,Harry,1,5,4,4,,completed,01/08/2023 09:54,,01/08/2023 09:55,59e84c762e
7jce0bc5gy5t68nn7jce0b3bfjepeiey,10008290,Brandon,1,4,5,4,feel the cable outside should have some protection against the wall.,completed,01/08/2023 09:31,,01/08/2023 09:32,59e84c762e
n2somfmh6xeln29hcrfbqqr94wbhk49h,10008304,Callum,1,4,3,4,The speeds are a bit flaky,completed,01/08/2023 09:25,,01/08/2023 09:29,59e84c762e
bzu59k5gr4mdzqxk3tbzu59odduz866o,10008295,Paul,1,5,5,3,Engineers was 5 hours late,completed,01/08/2023 09:19,,01/08/2023 09:20,59e84c762e
jzme2b2jxydp7x2y3pjzme2bfdtcsod8,10008306,Callum,1,5,4,5,"Engineer was 5 mins late, all went smoothly",completed,01/08/2023 09:09,,01/08/2023 09:10,59e84c762e
eod6asgf7z63lh41qleod6ue5fqfj3jo,10007717,Paul,1,5,4,5,no,completed,13/07/2023 13:01,,13/07/2023 13:03,4841b26442
uhz7tkal6dz2v205ouhzey8njrmcfwzl,10007956,Daniel,1,5,5,5,,completed,13/07/2023 12:57,,13/07/2023 12:58,4841b26442
pbyrqu7nntgvo92bl2qwspbyrqun2l38,10007958,Harry,1,5,5,5,chaps were lovey,completed,13/07/2023 12:55,,13/07/2023 12:56,4841b26442
nluwxb3ma3r8xdkg6wsnluw5ysyopn62,10007952,Daniel,1,3,4,3,a little bit more info on what would happen before they come,completed,13/07/2023 12:52,,13/07/2023 12:53,4841b26442
53ptkb1852bixsokmyw53pbdr67c9gcc,10007953,Paul,1,5,5,5,Guys were fantastic,completed,13/07/2023 12:49,,13/07/2023 12:50,4841b26442
r8dul1ojkp19fr8d6u57muasaon33yjp,10007213,Mark,1,5,5,5,,completed,13/07/2023 09:35,,13/07/2023 12:49,4841b26442
si1h6wqybl7bsaiukjkbnsi1h6wq810v,10007957,Daniel,1,5,5,5,,completed,13/07/2023 09:25,,13/07/2023 09:26,63b09d443b
e123v19xnu7pmcfe1oktzyg0p0dmzl0s,155368761,Harry,1,5,4,4,"install was really good, but the mess it took to get the install in the first place",completed,13/07/2023 09:18,,13/07/2023 09:19,63b09d443b
th90r2n2losttt8th90ndjkmt75pyx4e,10007949,Harry,0,5,5,1,No,completed,13/07/2023 09:10,,13/07/2023 09:12,63b09d443b
95vxx8udr60hqwzdqq95vxwiqsdg9129,10007952,Daniel,1,3,4,4,No,completed,13/07/2023 09:01,,13/07/2023 09:07,63b09d443b
nehgisfqrzgk4fbaqm4knehgisfem7ov,10007929,Harry,1,5,5,5,"the only issue, when he came he did what he could but then had to get the lift to go to the otherisde of the road because the post outside out house didn't have the wire",completed,12/07/2023 13:34,,12/07/2023 13:35,63b09d443b
0tgy2t6gzitjwlhbjp30tgy2td8htjh8,10007839,Mark,1,5,1,1,service is worse than before,completed,12/07/2023 08:42,,12/07/2023 08:43,63b09d443b
ou5wz3hwwnvb0ji162eou5wzqofflf8g,10007774,Anthony,1,5,5,5,very clean did a good job,completed,12/07/2023 08:39,,12/07/2023 08:39,63b09d443b
da4995l1r6o8iy8h2eda499sdh2vrzx4,10007904,Daniel,1,5,5,5,,completed,12/07/2023 08:37,,12/07/2023 08:37,63b09d443b
zpfbstkw9pq0xe6m6eyzpfbsta2rugxg,10007916,Callum,1,5,5,5,went well and seems to have done a very good job,completed,12/07/2023 08:30,,12/07/2023 08:32,63b09d443b
g265di5c6v99uaa5dbzg265di512std1,15494641,Daniel,1,5,3,1,"the reason for the 1 its now been installed on the 8th visit somewhere its taken over 12 month,",completed,12/07/2023 08:27,,12/07/2023 08:28,63b09d443b
8skq4p9msjsw1f8skq4ypb4d6hholxtv,10007889,Callum,1,5,1,2,Not Connected yet,completed,11/07/2023 09:59,,11/07/2023 10:00,63b09d443b
j2tyf8bawk3awej5yj2tyf8wku653qft,10007882,Harry,1,5,5,5,no,completed,11/07/2023 09:55,,11/07/2023 09:56,63b09d443b
wqpas8vevfjcppdqlfwqpas8veefv1nk,10007878,Mark,0,5,5,5,Everything was fine,completed,11/07/2023 09:47,,11/07/2023 09:48,63b09d443b
4u0aqroi6xeasxolsdlybb84u0aqxcc2,10007896,Paul,1,5,5,5,They fella was quick efficient and got it all done in time,completed,11/07/2023 09:28,,11/07/2023 09:41,63b09d443b
rk2it5typytcqmwli9rk2itc8uzcg1q8,10005340,Harry,1,5,1,3,Broadband doesnt work gets 3mbps,completed,11/07/2023 09:10,,11/07/2023 09:12,63b09d443b
gwnh5kr6x0gn01ggwnh3o722cdq1pw3z,10007852,Harry,1,5,5,5,very polite,completed,10/07/2023 13:34,,10/07/2023 13:34,63b09d443b
uy6o7aubzc8x678jkauy6ohshfedf1o1,10007869,Paul,1,5,5,5,,completed,10/07/2023 13:30,,10/07/2023 13:31,63b09d443b
ocglbu147mupbkq2wfzbv679aocglbu1,10007155,Paul,1,5,5,5,everything was fine,completed,10/07/2023 10:36,,10/07/2023 10:36,63b09d443b
1ay51rcyugkdh9lor5e1ay51v1b54es4,10007865,Mark,1,5,5,5,Great job  done,completed,10/07/2023 10:23,,10/07/2023 10:24,63b09d443b
pcyvn4l00tuicb7fhpcyvng8nvhjt2yj,10007863,Callum,1,5,5,5,Engineer was lovely,completed,10/07/2023 10:12,,10/07/2023 10:12,63b09d443b
q967vxa0gp2q76naq96dzyu1zi1veq4v,10007874,Daniel,1,3,5,5,No,completed,10/07/2023 09:59,,10/07/2023 10:00,63b09d443b
9s97a3abf15d94cqmq9s97annb8iw21z,10007875,Callum,1,5,5,5,,completed,10/07/2023 09:54,,10/07/2023 09:55,63b09d443b
qu8iziti49ugdfk50sd0en97qu8izite,10007860,Callum,1,5,5,5,They were tremendous,completed,07/07/2023 13:22,,07/07/2023 13:23,abab8f282e
wki2feavptwki2lbkuc5e2ci3p4l6k4f,15449832,Daniel,0,4,5,3,"Had 3 install dates, the installation team especially the civils extremely poor or non excitant however there as someone form freedom fibre a lady called Lucy who did try to keep me informed after 2 or 3 failed installation. taken 2 days off work to be at home for the install dates and on those date the job was not complete. so overall dissatisfied with the time it took the installation to take place, not completing the pre installation survey and not keeping the dates given totally process took about a month.",completed,07/07/2023 13:12,,07/07/2023 13:17,abab8f282e
343h06qlud89ttlfosqg343h063ib22f,10007826,Anthony,1,5,5,5,Very Happy,completed,07/07/2023 09:47,,07/07/2023 09:48,abab8f282e
0vjrzh44xpdrliqsss0vjrz1bayobhnp,10007861,Callum,1,5,4,4,Went up to 34 a month more not happy with 24% increase,completed,07/07/2023 09:22,,07/07/2023 09:24,abab8f282e
fsnm69di67wenjhpa43ffsnm69rbyb4o,10007792,Paul,1,4,5,5,Not used broadband yet,completed,06/07/2023 13:34,,06/07/2023 13:34,abab8f282e
ydmyn1c7b9vo9pf1vnjydmyn1cyktgc4,10007804,Anthony,1,5,5,5,Everything went fine,completed,06/07/2023 13:29,,06/07/2023 13:30,abab8f282e
jb58l3g92y5ur5dmtwjb5bji5zxvt5s9,10007807,Callum,1,5,5,5,Really happy with the connection,completed,06/07/2023 13:21,,06/07/2023 13:22,abab8f282e
qwuvdvu7nnt4uhkqwuemi8ej44oik6n3,10007814,Paul,1,5,5,5,everything is well,completed,06/07/2023 13:17,,06/07/2023 13:18,abab8f282e
otrgft4ao9se7zk0hjp6q9otrgft4dhz,10007858,Harry,1,5,5,5,the guy that came was very professional,completed,06/07/2023 13:11,,06/07/2023 13:12,abab8f282e
vad7hh57bhgtp41b8p76c9vad7hhrilr,10007798,Mark,1,5,5,5,no,completed,06/07/2023 09:24,,06/07/2023 09:25,abab8f282e
dk08jeuejayw2z3ly67xdk08jhoo0pjl,10007793,Harry,1,5,5,5,,completed,06/07/2023 09:20,,06/07/2023 09:21,abab8f282e
1d5seccxm3b1w1d5aa5hi4le1znd8nm2,10007816,Callum,1,5,3,3,Not sure about speed as havnt tried it yet. engineer was helpful and clean,completed,06/07/2023 09:11,,06/07/2023 09:12,abab8f282e
9kht3nsoo9z1w3tt259kht33edizffp4,10007808,Anthony,1,5,1,4,"BB not working, contacted talk talk.",completed,06/07/2023 09:05,,06/07/2023 09:06,abab8f282e
m304sq8qmtetq7e0jm304ismigfkhfx3,10007815,Daniel,1,5,5,5,Very professional,completed,06/07/2023 08:58,,06/07/2023 08:59,abab8f282e
yxl1ap7jrlj97ozbbnyxl1u0o7j9j9oj,10007785,Daniel,1,5,1,5,Broadband isnt working,completed,05/07/2023 13:24,,05/07/2023 13:25,abab8f282e
vp8nfd9c0w5o52xdvpavp8nfd7esaisy,10007790,Mark,1,5,5,5,No,completed,05/07/2023 13:13,,05/07/2023 13:14,abab8f282e
yn4c0p7sumcwxyohavyn4c0lnycak72f,10007771,Mark,1,5,5,5,only thing i would say is im not sure what speed im supposed to get.,completed,05/07/2023 09:11,,05/07/2023 09:13,abab8f282e
ze1hsphzcyajxmo5ctfrubze1hspduw3,10007768,Callum,1,5,5,5,Engineers were so polite ans very helpful.,completed,05/07/2023 09:05,,05/07/2023 09:06,abab8f282e
1pwtvtbc7gi11qsfvnz941pwtvtqwn7z,10007791,Anthony,1,5,1,1,No service,completed,05/07/2023 08:59,,05/07/2023 09:00,abab8f282e
6agtd1u1ci8dgo86agtd1goomzsz257m,10007773,Callum,0,3,3,3,No,completed,05/07/2023 08:44,,05/07/2023 08:46,abab8f282e
9l77pnz5hrnqplqqn9l77j9wrqbq99d5,10007783,Paul,1,1,1,1,"Engineers hit a electrical cable broadband not working, engineer was very friendly just an inconvenience",completed,05/07/2023 08:37,,05/07/2023 08:40,abab8f282e
2grogvicn43vaafw5u2grogvic04yp44,10007770,Anthony,1,5,5,5,Everything went as planned and happy,completed,05/07/2023 08:34,,05/07/2023 08:36,abab8f282e
nnp3ukvzvd9fj5fppronnp3uk6kp44gk,10007742,Brandon,1,5,5,5,No,completed,04/07/2023 13:26,,04/07/2023 13:27,abab8f282e
b81ocrgzkzk80eib2bhj8gb81ocrgzlw,10007709,Anthony,1,5,5,5,Very happy brilliant engineer,completed,04/07/2023 13:11,,04/07/2023 13:12,abab8f282e
hv8lj9jin5gmcg6k7chv8ljixmavu2a7,10007764,Paul,1,5,4,5,No Problem at all,completed,04/07/2023 09:15,,04/07/2023 09:16,801df73347
843kj3enpzt21bqcq2a843kj3evainfj,10007744,Harry,1,5,5,5,Men were very nice,completed,04/07/2023 09:12,,04/07/2023 09:14,801df73347
u6mn3m75f14ag0unxu6mn1x65i7qngxf,10006969,Harry,1,4,1,1,Not working already called up about it. i was disappointed because it looks far worse than i thought it would and its been left in a really ugly state,completed,04/07/2023 09:08,,04/07/2023 09:10,801df73347
6yfzn4zx0h0yzxdnb6em6yfzn4qdbp5j,10007754,Daniel,1,5,5,5,,completed,04/07/2023 08:51,,04/07/2023 08:52,801df73347
e1qgi4hhrm5qogebxpge1qgi4hx9psab,10007753,Anthony,0,5,5,5,"Engineer rang ahead, very nice and very friendly",completed,04/07/2023 08:49,,04/07/2023 08:50,801df73347
1g10vwpp5t9ub3u01g13uk54zxrvq0tl,10007592,Anthony,1,5,1,1,No WIFI process has been good but no wifi is really poor. if i had working wifi it would be 5 but the way i feel at the minuet it would have to be a 1,completed,23/06/2023 11:26,,23/06/2023 11:28,9ff7644123
49tc7rhy5ro99l49tc7g260x57d9auh3,14903774,Anthony,1,4,4,4,,completed,22/06/2023 12:52,,22/06/2023 12:57,34310b6334
spirv4ct27ktbqzspirlwhxi52fo1pbr,10007654,Brandon,1,5,4,5,"Really nice gentleman,",completed,22/06/2023 11:55,,22/06/2023 11:56,9ff7644123
yom9tvk6342wlttm4fbuyom9tvelnqc1,10007581,Brandon,1,5,5,5,"all , good no issues eng was very good , supiovers also checked after install was complete",completed,22/06/2023 11:47,,22/06/2023 11:48,de734d0100
vry3drxv424xfknkq0vry3drny5aom3o,10007583,Brandon,1,5,5,5,"only issue we had was we was unable to iplayer or any apps on the tv, call TT and they help us pair idevices all good now , eng was really good ,clean and tidy.",completed,22/06/2023 11:38,,22/06/2023 11:41,de734d0100
k1myg0bwfi57unwq853pgqik1myg0bpe,10006968,Anthony,1,5,5,5,Better communication with customers on re booking installs,completed,22/06/2023 11:37,,22/06/2023 11:46,441e46fc85
2ncqni47vqak4krgnh2ncqni3qvlz8yh,10007577,Harry,1,5,5,5,Due to get an email about a voucher but did not receive this,completed,22/06/2023 09:28,,22/06/2023 09:46,441e46fc85
zpa47qy2mea5wi6jywzpa47qu2cz7cpk,10007360,Callum,1,5,5,5,Its good talk talk,completed,22/06/2023 09:14,,22/06/2023 09:15,9ff7644123
94vekgxewkt9xswo94vekgnuimntqwcv,10007372,Callum,1,5,1,5,"WIFI is not working,",completed,22/06/2023 09:08,,22/06/2023 09:10,9ff7644123
zqxtb5cuxy3le0l55t2zqxtb5nukosvl,153225951,Callum,1,5,5,5,"Engineer was really good, professional, brilliant",completed,22/06/2023 08:57,,22/06/2023 08:59,9ff7644123
h0u15qpqr0euuc9nt3h0u15o7ntr7r1d,15216536,Anthony,1,5,5,5,everything is good,completed,22/06/2023 08:56,,22/06/2023 09:03,34310b6334
vroepyzohds0shzjh4ibvroeph6hl3p2,10007418,Brandon,1,5,5,5,"Tidy, working, very satisfied",completed,22/06/2023 08:53,,22/06/2023 08:54,9ff7644123
ogn9ruh9bv95gx43sogbva3a5l7iqhic,10007350,Mark,1,4,4,5,No,completed,22/06/2023 08:46,,22/06/2023 08:47,9ff7644123
zueishfqlpd1mqjjypprtzzueishu51n,10007349,Mark,1,5,5,5,It was great,completed,22/06/2023 08:40,,22/06/2023 08:41,9ff7644123
kur7f7xbvvyfihkozikur7f7xbqyycc4,153123001,Anthony,1,5,5,5,Very happy with install,completed,22/06/2023 08:37,,22/06/2023 08:38,9ff7644123
kdpjjyhporu5nodfkdpjjyhjj8qysma7,14976907,Callum,1,5,4,5,very satisfied,completed,22/06/2023 08:34,,22/06/2023 08:37,34310b6334
ch9zjz61enxegxelkch9zjxs9i5oic8a,14904002,Harry,1,5,3,5,very tidy and polite,completed,22/06/2023 07:37,,22/06/2023 08:31,34310b6334
ipo0ub871mb4ttv1ipo0ubusalgp4xye,10007569,Callum,1,4,4,5,very profession,completed,06/19/2023  12:24:48,,06/19/2023  12:26:29,9ff7644123
scypvjckyicxalzvscyptyoh89dck440,10007556,Mark,1,5,5,4,The man was very clean and tidy,completed,06/19/2023  12:20:52,,06/19/2023  12:22:12,9ff7644123
voet2bl0wqb4ux67voet2bl0pfvnna7l,10007568,Mark,1,1,1,1,Engineer went away with nothing working.,completed,06/19/2023  08:56:30,,06/19/2023  08:58:10,9ff7644123
4psomrjm3z8dc4psk0jyxnz1zkk5aqag,10007567,Mark,1,5,5,4,Bit confused as to why the phone line is left on copper connection,completed,06/19/2023  08:52:38,,06/19/2023  08:54:12,9ff7644123
9se2r35vkf5bym65sdryf9se2r35v5bl,10007557,Paul,1,5,5,5,Very pleased,completed,06/19/2023  08:45:43,,06/19/2023  08:46:20,9ff7644123
1x5znhh6qi69j7kxyuho1x5znhm6xly7,10007558,Anthony,1,5,5,5,No,completed,06/19/2023  08:41:21,,06/19/2023  08:43:00,9ff7644123
26x2zsar1pdja94wyy26x2zspbl99014,10007222,Callum,1,5,3,4,Not used broadband enough to comment on speeds,completed,06/19/2023  08:38:59,,06/19/2023  08:40:36,9ff7644123
z6ptz7f2sa1pk63q7mz6ptz7h2nnhcp7,10007214,Paul,1,5,5,5,No,completed,16/06/2023 13:31,,16/06/2023 13:32,b6bdf6a814
tuffi1ywmywm8sultufklzyh1mrpk714,10007201,Anthony,1,5,5,5,No,completed,16/06/2023 10:54,,16/06/2023 13:09,b6bdf6a814
my67n8b651lw5bkeirmy67wq5p36nygw,10007203,Paul,1,5,5,5,No,completed,16/06/2023 10:47,,16/06/2023 10:48,b6bdf6a814
avrojch0zuwrzk3eavro814xcjoyi3f1,10006531,Mark,1,5,5,5,the man was very plesent,completed,16/06/2023 10:38,,16/06/2023 10:39,b6bdf6a814
dzyx7da4pi3roz3xlsdzyh595vg5shtd,10007096,Mark,1,5,5,5,No,completed,16/06/2023 10:35,,16/06/2023 10:37,b6bdf6a814
o39a1umeu0xq75w4ujaro39aixdwm07x,10007217,Paul,1,5,5,5,Puzzled as ive also got someone coming out next Thursday because when i rang talk talk to renew the contract they said they were coming out with a new router.,completed,16/06/2023 10:17,,16/06/2023 10:20,b6bdf6a814
7fg1tkzh39kqfgbp0d7fg1thobra4v31,10007207,Paul,1,5,1,1,WIFI only work for half an hour.,completed,16/06/2023 09:59,,16/06/2023 10:02,b6bdf6a814
l42k9zov375tjj2qll42k9rtt7hyohpe,152581361,Harry,0,5,5,5,Couldn't fault them,completed,16/06/2023 09:37,,16/06/2023 09:39,b6bdf6a814
yym39p8sndoew1pcc4p2yym3uif38xy6,10007205,Anthony,1,5,5,5,No,completed,16/06/2023 09:06,,16/06/2023 09:08,b6bdf6a814
dztrl0do80d3o73augipvdztrl0djunf,10007238,Mark,1,5,3,5,Since done Lost landline. not noticed any difference in speed. if i know it would cause so many headaches i would never have got it installed. would recommend for installation but not for the service.,completed,16/06/2023 08:50,,16/06/2023 08:53,b6bdf6a814
6r0n7pjxbemdu6i7v0nded72zcci7vll,10007659,Callum,1,5,5,5,No,completed,16/06/2023 08:45,,16/06/2023 08:48,b6bdf6a814
97j70sxj1xfqwf97jhgta7rp1ll1i5mz,15217455,Brandon,1,5,3,5,Havant really used the broadband much yet,completed,13/06/2023 11:46,,13/06/2023 11:49,b6bdf6a814
21edyl23j127sygp21edyumyv2z2qy4e,10007251,Harry,1,5,5,5,Very friendly engineer work was carried out very professionally,completed,13/06/2023 08:52,,13/06/2023 08:53,b6bdf6a814
x3d78apuy46rjx3zxtxzx3d779wn4k0f,10007167,Callum,1,5,3,5,"download is only about 26mbps, they guys where really nice.",completed,13/06/2023 08:44,,13/06/2023 08:47,b6bdf6a814
5uks95v2j2isqt5ukwrnzm79kn6le0oa,10007164,Mark,1,5,5,5,they communicated quite well and done efficiently,completed,13/06/2023 08:41,,13/06/2023 08:43,b6bdf6a814
erkjzw3nw5v2ajzxfgab188igerkjzw3,10007154,Callum,1,5,5,5,"Don't use to many things at once so the whole installation the lad that was here had a couple of problem,s with the connection but he did apologise for the delay. everything was fine",completed,12/06/2023 13:28,,12/06/2023 13:30,b6bdf6a814
9kyfx6lux9k2w759kyfkrhluwylynscg,10007150,Anthony,1,4,1,3,Broadband not working properly line keeps dropping,completed,12/06/2023 10:01,,12/06/2023 10:07,b6bdf6a814
7shkfa2ghuj0z0kfpjs7shkfa2sufmzc,10007535,Paul,1,5,5,5,No problems at all,completed,12/06/2023 09:37,,12/06/2023 09:38,b6bdf6a814
gifb9cfqob8f17h7vsgifb98qfk57nlg,10007149,Brandon,0,1,1,1,Its terrible  i suggest nobody else does it,completed,12/06/2023 09:04,,12/06/2023 09:06,b6bdf6a814
72l660jqsafhaehsr5wsy72l660eg24x,10006514,Anthony,1,5,5,5,They had to dig up part of the pavement there has been tarmac. no feedback to when this will be remedied,completed,12/06/2023 08:47,,12/06/2023 08:49,b6bdf6a814
0snwdvoyj9mqy60snwc36isguego4plq,10007138,Brandon,1,5,5,5,No,completed,08/06/2023 15:27,,08/06/2023 15:28,15c01d08b6
5a0wkh6wl4mflv7n5a0wibrzvuu4wssw,10007371,Harry,1,5,1,5,Broadband is not working.,completed,08/06/2023 12:52,,08/06/2023 12:53,15c01d08b6
exqxhh4bvymlxe1ydmccexqxgue01sdu,10007370,Harry,1,5,1,3,Engineer was very pleasant but broadband is not working.,completed,08/06/2023 12:43,,08/06/2023 12:46,15c01d08b6
6itszhii1u13i6hc6itszhig3ljlmvgh,10007128,Callum,1,5,5,5,No,completed,07/06/2023 14:16,,07/06/2023 14:18,15c01d08b6
1yuyffl7l2sn9dhmg1yuyf4ffuxu2jpc,10007056,Harry,1,5,1,1,"Broadband is not working,",completed,07/06/2023 14:10,,07/06/2023 14:11,15c01d08b6
cdahwpuvqizb438xcdahwpu2ghdt0g58,10007129,Callum,0,4,1,5,Fault on the line so broadband not working. reflects in broadband speed question,completed,07/06/2023 10:31,,07/06/2023 10:34,15c01d08b6
nc4jw9fnqaey8nhr2qw08nc4jw95dc16,10007132,Brandon,1,5,5,5,No,completed,07/06/2023 09:54,,07/06/2023 09:56,15c01d08b6
k023qmbv4t1ntho6gzk023qe82vz4pho,15149675,Harry,1,5,5,5,no,completed,07/06/2023 09:17,,07/06/2023 09:30,15c01d08b6
o9l5r69q1dcx1cb7iswao9l5gccjbhte,10007236,Callum,1,5,5,5,No,completed,06/06/2023 13:39,,06/06/2023 13:40,15c01d08b6
81ymdqkb9quwyv0qzhc81ymdqinsriop,10007115,Callum,1,5,5,3,No comments,completed,06/06/2023 13:31,,06/06/2023 13:33,15c01d08b6
2527dqp6xbi716uedh2527dqps9inmup,10007110,Paul,1,5,5,5,it was fine,completed,06/06/2023 08:54,,06/06/2023 08:55,15c01d08b6
chywkr90cf4yh8ut2qchywk9fsbequ1w,10006970,Paul,1,5,5,5,Nothing else,completed,06/06/2023 08:44,,06/06/2023 08:45,15c01d08b6
juco92ay8vhpg6j9juc2k0cbtibjlnz2,10007287,Mark,1,5,3,5,The broadband is dropping and believes not on right package,completed,05/06/2023 14:56,,05/06/2023 14:59,15c01d08b6
unjnnoj8gzyzrkhf9nmaunjnnozn7isc,10007106,Brandon,1,5,5,5,No,completed,05/06/2023 14:44,,05/06/2023 14:44,15c01d08b6
m4dziqlntplqznli3cttu4npm4dziqlr,10007059,Daniel,1,5,5,5,No,completed,05/06/2023 14:39,,05/06/2023 14:40,15c01d08b6
41vft5djza5uvpn4lxfg541vft5nawll,10006670,Callum,1,5,5,5,all i can say is ya know it went by really quickly and the engineer did his job really quickly and Ive been pretty satisfied with the connection speed,completed,05/06/2023 11:59,,05/06/2023 12:00,15c01d08b6
64enjzjxsznkw664enji67noi61spvlx,10007091,Callum,0,5,3,5,Noticed no difference in speed. the guy was great,completed,05/06/2023 11:47,,05/06/2023 11:48,15c01d08b6
5le5vusrin0ygy36f5lelhcilid9ya9m,10007107,Daniel,1,5,5,5,Cant connect to ring doorbell.,completed,05/06/2023 11:22,,05/06/2023 11:22,15c01d08b6
so9d39q1tu7h3prso9d39h2qfii9pm0z,10006825,Brandon,1,5,5,5,no,completed,03/06/2023 13:41,,03/06/2023 13:42,b6bdf6a814
bcpjcmfst5v95yobcpjdd1rpyyvrk4tp,10007072,Paul,1,4,1,5,Broadband not work,completed,03/06/2023 13:33,,03/06/2023 13:35,b6bdf6a814
ri3omgr4zmfiuyh4i6ri3om4hoy1t5on,10007055,Brandon,0,5,5,5,N/A,completed,03/06/2023 11:59,,03/06/2023 12:02,b6bdf6a814
sn478t0zedmk6qw4cq3f0sn478tj2olm,10006660,Mark,1,5,5,5,Very tidy,completed,03/06/2023 11:48,,03/06/2023 11:49,b6bdf6a814
hkkmd3xkrh7rvbshk0jahjc3lbmj5vbh,10007037,Anthony,1,5,1,1,"Installed last Thursday. checked line okay, checked router still not working and using old cooper line",completed,03/06/2023 10:48,,03/06/2023 10:50,b6bdf6a814
ddqkqb02q326s8drv136ddqkqfb5x1fs,10007065,Mark,1,5,5,5,Very quick and professional,completed,02/06/2023 09:52,,02/06/2023 09:53,b6bdf6a814
b7qvmtjnve3xdi666uh3f2b7qvmtqhj1,10007047,Daniel,1,5,5,5,no,completed,02/06/2023 09:12,,02/06/2023 09:13,b6bdf6a814
kb9pl5b9jpp8ui5at2xhhkb9pl5bmzxp,10007046,Daniel,1,5,5,5,"Hes a credit to the team, he was nice and polite and well respectful",completed,02/06/2023 09:02,,02/06/2023 09:04,b6bdf6a814
cqnvz8v26970vblmjhkcqnvbjgwtkf8o,10006251,Brandon,1,4,4,4,No,completed,02/06/2023 08:29,,02/06/2023 08:30,b6bdf6a814
neprrm3ir1ebdtpa9nepr7oh8zrni9g5,123,Callum,1,3,2,1,"The installation inside the building is hap hazard. its a very old listed building, they drilled through the window frame. but this obstructed the blind. it was a bit f a rough job.",completed,02/06/2023 08:17,,02/06/2023 08:20,b6bdf6a814
y2qbl2q6800twy2q56pjisybeyy4lpad,10006485,Mark,1,5,5,5,No,completed,30/05/2023 11:58,,30/05/2023 11:59,b6bdf6a814
gfdt24sc4zp5ui3gfdt24rajqg6er1pl,10007306,Mark,1,5,5,5,No,completed,30/05/2023 11:55,,30/05/2023 11:56,b6bdf6a814
2dh0u4k9b5ha3wvv8vr2dh08tgigg5sy,10006943,Daniel,1,5,5,5,Had frequent broadband drops.,completed,30/05/2023 10:18,,30/05/2023 10:20,b6bdf6a814
2vbn9q209zouop25or2vbme8cpy397k6,10006942,Anthony,1,5,1,3,No internet,completed,30/05/2023 10:13,,30/05/2023 10:15,b6bdf6a814
yktdyqbmuy82a0oqyktdyq5xxheflr39,10006940,Anthony,1,3,3,3,We live in  courtyard of houses and a few other house don't have internet and their older ladies.,completed,30/05/2023 10:09,,30/05/2023 10:11,b6bdf6a814
67ydyme3fj4x5xs67yi4jd57kimsiegi,10006503,Anthony,1,5,5,5,No,completed,30/05/2023 09:54,,30/05/2023 09:55,b6bdf6a814
k64rie269o8lxhvk6a3t699bbn3htaw6,10006395,Brandon,1,5,5,5,Chap was really nice,completed,29/05/2023 12:53,,29/05/2023 12:54,b6bdf6a814
mhj1o5a180iksdi16qk6mhj1o5xqinwf,10006936,Daniel,1,5,5,5,Believed the install would start and 12 and finish at 3. the guys were very professional.,completed,29/05/2023 12:03,,29/05/2023 12:05,b6bdf6a814
0dbjdm90hbt4npoeg1d0t0dbjdw1vh69,10005500,Brandon,1,5,5,5,no,completed,29/05/2023 10:38,,29/05/2023 10:39,b6bdf6a814
60bu2dg2fbj472r8j260bu24dtnkjfkh,10005493,Brandon,1,3,4,2,Engineers promised to come back and fix door steps rubble at door step. second chap commented stating the first chap should of been able to do it. its taken a month and still Left with this mess on the front door step,completed,29/05/2023 10:14,,29/05/2023 10:19,b6bdf6a814
i6hqfanfm7zejowie2i6hka206326at7,10006960,Daniel,1,5,5,5,"The engineer said to get in touch with talk talk to ask if they could go digital with the phone line. the only thing you might have is still a little bit of interference on your phone line because there still copper on the phone line,  so that may cause you some problems at some stage, it looks like you got the speed that you wanted",completed,29/05/2023 09:57,,29/05/2023 10:00,b6bdf6a814
9ml78t67ejp7vq0z29ml78gu5miivffo,10006443,Mark,1,5,5,5,The gentleman was really nice,completed,29/05/2023 09:39,,29/05/2023 09:40,b6bdf6a814
ttxrqkzmcytan1y7nsttxrq12mjvthsu,10006733,Mark,1,5,5,5,No,completed,18/05/2023 13:27,,18/05/2023 13:28,130fb62944
7vshl6x91hjfbj37vshlfr72sv2zxs6q,10006295,Brandon,1,5,5,5,No,completed,18/05/2023 13:25,,18/05/2023 13:26,130fb62944
4fkb4kiq99bhgm74fkbpcwqsxn1333bq,10006299,Brandon,1,5,5,4,the first guy that came didn't wear shoe protectors and got mud all over the house but 2nd guy was great,completed,18/05/2023 13:22,,18/05/2023 13:23,130fb62944
r85vmo8jk6qgv26jpm4kr85vmo85us4s,10005841,Daniel,1,5,5,5,No,completed,18/05/2023 08:58,,18/05/2023 09:03,130fb62944
capq9qo3i99d4capq9nn7t85w41jbt71,10006296,Anthony,1,5,5,5,It was Fine,completed,18/05/2023 08:50,,18/05/2023 08:51,130fb62944
55hmnqizruol5kek55hmn8e609yiddjr,10006036,SA-10757514,1,5,5,5,"it went well,",completed,18/05/2023 08:46,,18/05/2023 08:47,130fb62944
8ukv4mne9ijzqbg2hde8ukvas3yzbm3w,10004961,Callum,1,5,5,5,good and professional,completed,17/05/2023 12:43,,17/05/2023 12:44,130fb62944
0slktlxtgc2kbm6cuzg0uhs0slktlxtb,10006691,Daniel,1,5,5,5,Everything was good,completed,17/05/2023 08:38,,17/05/2023 08:38,130fb62944
xogvqgk4filt4ude7l6xogvqgk7qfghw,10005881,Brandon,1,5,5,5,No,completed,17/05/2023 08:35,,17/05/2023 08:36,130fb62944
ivxhlysbqky9f5vf0b8ivxhlywbrk4ov,10006680,Daniel,1,5,5,5,No,completed,15/05/2023 13:15,,15/05/2023 13:16,130fb62944
j4ohrgkqlr7efk2gs5i72j4ohrgz56ap,10006069,Anthony,0,5,5,5,working really well,completed,15/05/2023 09:09,,15/05/2023 09:10,130fb62944
3qkaolotmy133qtttewav8gnh450tztu,10006663,Brandon,1,5,5,5,Guy was excellent,completed,15/05/2023 08:44,,15/05/2023 08:46,130fb62944
wst5qzmkrqqw9tzlneawst5qlihpkldm,10006290,Daniel,1,5,1,5,"Broadband not working  i think its the interaction between talk talk and freedom fibre, when i had the original install the fibre i the road wasn't working but said someone would phone me back, never happened i went to talk talk and they had no idea what was going on, when i talk to freedom fibre absolutely brilliant but not good when i talk to talk talk.",completed,15/05/2023 08:38,,15/05/2023 08:41,130fb62944
4e962labb8rro0iub69f9b94e962lzue,10006526,Brandon,1,5,1,5,NO Broadband since its been fitted  It was fine and cleaned up and al lwas good just doesn't work,completed,12/05/2023 13:42,,12/05/2023 13:45,130fb62944
1cv06mproci15s0mss1cv063jn1mo6gd,10006508,Brandon,0,3,5,3,"Te lateness, was double booked, didn't arrive until 12:30 and 1. unnatched to the wrong side of the house. supervisor came out the week before and didnt put this down on his form.",completed,12/05/2023 09:14,,12/05/2023 09:18,130fb62944
95g16po6mzqhe882v4dvy95g16pohmdp,10006096,Mark,1,5,5,5,"Cant get onto banking,",completed,26/04/2023 11:57,,26/04/2023 12:02,f0f0240483
q57i51q3hln4bexuq57i7s5sto5a43t4,10006393,Callum,1,5,5,5,"The wired stuff doesn't work,",completed,26/04/2023 11:52,,26/04/2023 11:54,f0f0240483
eu6xk8fe32jvr1mg9eu6xkhfz2d13ty2,10006067,Anthony,1,5,5,5,No,completed,26/04/2023 11:43,,26/04/2023 11:44,f0f0240483
pjflh45g90yx2tgrgpja1margmro0hwp,10006397,Mark,1,5,5,5,No problem at all,completed,26/04/2023 09:03,,26/04/2023 09:04,f0f0240483
xo666urtkp5ri7wxun5xo666urt58vbx,10006088,Anthony,1,5,5,5,Connection speed is now only reciving 50mbps,completed,26/04/2023 08:52,,26/04/2023 08:56,f0f0240483
sfw6l0da6qwhqin9nh657fsfw6l0daht,10006253,Callum,1,5,5,5,Everything was good,completed,26/04/2023 08:26,,26/04/2023 08:27,f0f0240483
pmzhnemxeyz0l43cnjpmzudkknqrsv5v,10006047,Anthony,1,5,5,5,Everything was good and helpful,completed,24/04/2023 10:22,,24/04/2023 10:23,f0f0240483
9ev5ixyehqx5ncrut9ev5ixkv6rw60us,10006259,Daniel,1,4,4,5,i did have issue with connection the following day,completed,24/04/2023 10:18,,24/04/2023 10:20,f0f0240483
kkyltq1n77djik732kkylhfdsp8r2prd,10005846,Paul,0,5,5,5,,completed,24/04/2023 10:09,,24/04/2023 10:10,f0f0240483
ajmqvnwkvxi2hdfimpajmqvmpsaha41w,10006192,Paul,1,5,5,5,everything was fine,completed,24/04/2023 09:52,,24/04/2023 09:53,f0f0240483
g27mg91k0c61eikg27bl8f5zvslmhd8t,10005705,Paul,1,3,2,2,No,completed,24/04/2023 09:49,,24/04/2023 09:50,f0f0240483
ecwhnl0czn8pfi8a6ecwt40fs6ps32bv,10006029,Daniel,1,5,5,5,Yes,completed,24/04/2023 09:42,,24/04/2023 09:43,f0f0240483
1zet0xiglh7z5xz0bstct8u1zet0xig2,10005993,Anthony,1,4,4,5,"Unhappy with talk talk customer service, it is non excitant, i get cut off time and time again, ive gotten nowhere, if it wasn't for the fact of installing the old broadband id have no broadband today. looking to move somewhere else once contract has ended as they have made no effort to sort this out",completed,24/04/2023 09:29,,24/04/2023 09:35,f0f0240483
o0wybmvybpkur5d3vogxho0w7xjg1lhr,10005750,Mark,1,5,4,5,with regards to the speed its for the kids i don't use it,completed,24/04/2023 09:18,,24/04/2023 09:20,f0f0240483
34oqip5fvrz3zq34ocl7y5lxtct52cuk,10005457,Brandon,1,5,3,5,not noticed a difference in speed,completed,24/04/2023 09:15,,24/04/2023 09:17,f0f0240483
t7ggntqnpand1o1rt7ggzd5zysvb08nz,10006249,Callum,1,5,5,5,The engineer needed help from college and went to his his colleague  and came back didn't give any notice and was a it confused,completed,22/04/2023 13:45,,22/04/2023 13:48,f0f0240483
xhkdgzxu6hlnv7eghrrxhkdgzx35np55,10006247,Brandon,1,5,5,5,They moved some stuff to get to the walls and didn't move it back,completed,22/04/2023 13:42,,22/04/2023 13:43,f0f0240483
h1714ujvfj3hdwhe1h1714r32cgpxm0s,10006248,Brandon,0,5,5,5,very positive about the work that was done,completed,22/04/2023 13:39,,22/04/2023 13:41,f0f0240483
8b3p79kpid3khebkyfw38b3p797nqela,10006048,Mark,1,5,5,5,Happy with everything,completed,22/04/2023 13:33,,22/04/2023 13:33,f0f0240483
jgv9rmcwozner5ub0rsjgv9rmepz6xj4,10006609,Mark,1,5,4,5,"Have old hub, the first initial day was cancelled due to a blockage. customer service was really helpful arraign another time to come  and do install.",completed,22/04/2023 13:28,,22/04/2023 13:30,f0f0240483
g4ycll2agxw8ocir9pg4ycll3qy4h5i9,10006081,Anthony,1,5,5,5,n/a,completed,22/04/2023 13:20,,22/04/2023 13:22,f0f0240483
cp8l08b8ynh0idcp8fzb3l3yxlptd2b6,10006080,Callum,1,5,5,5,it was good,completed,22/04/2023 13:17,,22/04/2023 13:19,f0f0240483
dw2ymbr6x0xazow6e6b2dw2ymbr9o9r2,10006185,Paul,1,5,5,5,n/a,completed,22/04/2023 12:12,,22/04/2023 12:15,f0f0240483
go82c35cknq1gyksago82c3kum74cw61,10006001,Anthony,1,4,4,4,N/a,completed,22/04/2023 12:10,,22/04/2023 12:12,f0f0240483
24sfdx1yh1nws69ac24sfded53l8gvj6,10006027,Daniel  ,1,5,5,5,there were some delays and took longer than they said but that's because there a separate company working on the manhole so a bit of a bottleneck to do it,completed,22/04/2023 11:49,,22/04/2023 11:50,f0f0240483
20w6279wwkmkk58mt6eq20w627b30vsy,10006028,Anthony,1,5,1,3,"Had the install done on Tuesday and internet worked fine, then on the wed the electric went and when it went back on the broadband stopped working and now have to wait 3 days for a new router.",completed,22/04/2023 11:41,,22/04/2023 11:44,f0f0240483
p3le9ip86mn6e7ilt1p3le9ilo4u4g2t,10006078,Mark,1,5,5,5,he was a very nice polite young man,completed,22/04/2023 10:24,,22/04/2023 10:28,f0f0240483
sjbuiuwndnybodqqshsjbuiujm6g984e,10005997,Daniel,1,5,4,4,"Yesterday there was no internet between 9 and 1 o'clock, didn't get a call back from freedom fibre and was told i would get a call back.",completed,22/04/2023 10:10,,22/04/2023 10:14,f0f0240483
ta8z1p5g6c0zzt0gqx9ata8z1p5motqw,10006087,Mark,1,4,2,3,"the connection keeps dropping out,",completed,22/04/2023 10:03,,22/04/2023 10:07,f0f0240483
5ijanetauhn0e9j433b5ija2fhvwruln,146406881,Paul,1,5,5,5,N/a,completed,22/04/2023 09:43,,22/04/2023 09:45,f0f0240483
zi6gx03ckvhruzi6gguaa1pzh787n3zb,10005991,Anthony,1,4,3,3,Speed at point of entry is fine although the signal strength is rubbish and am not aching the speeds on  my computer.,completed,22/04/2023 09:30,,22/04/2023 09:40,f0f0240483
d9comhqwllf5yexi5784d9comha24dk5,10005889,Paul,1,5,5,5,not at all,completed,14/04/2023 13:36,,14/04/2023 13:36,f0f0240483
b3busbk0efjd7c44cpsb3busbkecqpxu,10005442,Callum,1,5,3,5,No noticeable difference in speeds no clarity on when the appointment was,completed,14/04/2023 13:32,,14/04/2023 13:35,f0f0240483
bfvwupx41gyppi4f4k542bfvwupudb44,10005886,Anthony,1,5,4,5,no,completed,14/04/2023 09:01,,14/04/2023 09:03,f0f0240483
k31lk1gszpxzpkmtvk31tzw5ut4lwo6b,10005878,Mark,1,5,5,5,No not really it just went dead smoothly,completed,14/04/2023 08:51,,14/04/2023 08:52,f0f0240483
76pkkv9wn1bhx8e11n2tq76pkkvsqvvb,10005073,Brandon,1,5,5,5,The lad that came and fitted it was lovely,completed,13/04/2023 13:24,,13/04/2023 13:26,f0f0240483
d4aqw3ri18qmnp66d4aqg81ypq3up14r,10005866,Anthony,1,5,3,5,"Unable to comment on speeds as haven't been able to use it much, i did ask a question when he was making the install the box has a fault and asked if would be able to replaced by TalkTalk.",completed,13/04/2023 13:07,,13/04/2023 13:08,f0f0240483
y8m9gfe8z5x6tkonqrzhxy8m9gfjdm2a,10005702,Anthony,1,5,5,5,N/a,completed,13/04/2023 10:04,,13/04/2023 10:05,f0f0240483
plazbbo0uqnwcy2nplazldv5wenycjtm,10005859,Mark,1,5,5,3,Its all fine,completed,13/04/2023 10:00,,13/04/2023 10:01,f0f0240483
4zx4n5mg4urfb5y1zt4zxl7290q4gyl7,146095011,Callum,1,5,5,5,its all good,completed,13/04/2023 09:57,,13/04/2023 09:58,f0f0240483
3d32sdr4lxajbq181s3d32scec5toyf5,10005645,Callum,1,5,5,5,HE did excellent work,completed,13/04/2023 09:55,,13/04/2023 09:56,f0f0240483
jxdj8xhsx3z4k478jxdj8tz63anw6t15,10005972,Brandon,1,5,5,5,The installed didn't test first but that's the only thing,completed,13/04/2023 09:49,,13/04/2023 09:50,f0f0240483
aj81ju2oqj1bt9noaj81jux36qjhv33g,10005847,Mark,1,5,5,5,They put the internet in a better location,completed,11/04/2023 13:17,,11/04/2023 13:19,f0f0240483
343ii3ad6h81ldlj343iitgejydtc03u,10006239,Mark,1,5,5,5,All very good,completed,11/04/2023 13:13,,11/04/2023 13:14,f0f0240483
i65asrehxwu13vz74i65asa472l0ketu,10005851,Paul,1,5,4,4,like to compliment the engineer that came on his neatness he fitted everything very carefully with minimal disruption,completed,11/04/2023 09:44,,11/04/2023 09:46,f0f0240483
aou744zb4e3v3mgnjoiaou7l9bxw40a0,10005858,Anthony,1,5,5,5,They did a good job,completed,11/04/2023 09:42,,11/04/2023 09:43,f0f0240483
nzwaphfyzblmky4inzwapaqmd627rguw,10005639,Mark,1,5,3,5,The engineer told me to speak to someone in talk talk and could do with some power line adaptors,completed,11/04/2023 09:24,,11/04/2023 09:40,f0f0240483
xjpeq8gfu3ogwcqlp3axjpeqpzmceh7u,10005831,Paul,1,5,5,5,it was done efficiently and cleanly,completed,08/04/2023 08:58,,08/04/2023 09:01,f0f0240483
5ltjhcazwktwawzp52ra5ltjhqpxlv2g,10005166,Anthony,1,5,3,4,not able to comment on the speed yet as not used it fully,completed,07/04/2023 10:15,,07/04/2023 10:17,f0f0240483
0n0a2su0b56yjipw0n0aje3u1njlrd8o,10005296,Anthony,1,5,5,5,was happy with everything,completed,07/04/2023 10:12,,07/04/2023 10:13,f0f0240483
8jlkfn58nauwwxhh2pk8jlkfn4erriej,10005359,Paul,1,4,3,3,No its fine,completed,07/04/2023 09:45,,07/04/2023 10:05,f0f0240483
jxenflecdwjq5b8csjxenmegyf0nbz7b,10005819,Brandon,1,5,5,5,i sent a form off for the change over but im sure that will get sorted n ocompleted,completed,07/04/2023 09:40,,07/04/2023 09:41,f0f0240483
bbzqfe9r44fg0rwe4fbbzqf2d447dzp8,145581641,Mark,1,5,5,5,he was a very nice friendly gentleman,completed,07/04/2023 09:32,,07/04/2023 09:33,f0f0240483
mqy3nkp9r8985b2fj5aemqy3nki0ipr3,10005121,Daniel,1,5,5,5,everything went great,completed,07/04/2023 09:07,,07/04/2023 09:10,f0f0240483
u8s4hq3ilbuvptmohhh6bu8s4hq3i9ov,10005473,Callum,1,5,5,5,just went smoothly im happy basically,completed,07/04/2023 09:04,,07/04/2023 09:05,f0f0240483
cojm6gtz81gc011pgl4cojm8q1f76nq2,10005463,Brandon,1,5,3,5,Everything went smoothly,completed,07/04/2023 09:00,,07/04/2023 09:01,f0f0240483
exuzx0t3qy4dia7i6exuzx37zzwtw8h2,10005795,Mark,1,4,5,3,The quality of the router was disappointed with that.,completed,07/04/2023 08:39,,07/04/2023 08:40,f0f0240483
6943xe30a9frhz3d3tqe694d3nisi725,10005716,Paul,1,5,5,5,"Nothing negative to say, the man that came out was really nice",completed,05/04/2023 15:32,,05/04/2023 15:42,15c01d08b6
4sa8ygbtk6b3jgmllazn4sa8qhdx61xh,10005731,Brandon,1,5,3,5,Not notice any Difference in the speed.,completed,05/04/2023 10:34,,05/04/2023 10:38,15c01d08b6
00z4pnb9ngvja07guvn800z4zhzd17nb,10005451,Callum,1,4,4,3,Caught us out last minute with emailing us vouchers then someone knocking on the door 10 minutes later. broadband has been dropping out.,completed,05/04/2023 09:38,,05/04/2023 09:41,15c01d08b6
hbatiy8ogua1hbatcqpoh125bkw7jdau,10005268,Anthony,1,5,5,5,"The guy tony was lovely, took his time and made sure he did everything to the best that he could do",completed,05/04/2023 09:36,,05/04/2023 09:38,15c01d08b6
2qpk5onm95lmykw07e8y92qpk5olo5jj,10005439,Brandon,1,5,5,5,everything was done quick and done a good job,completed,05/04/2023 09:28,,05/04/2023 09:29,15c01d08b6
zwkgtaa212xpsknskzwkgta3fehsedxw,10005726,Anthony,1,5,5,5,There is something the husband had NOW for the television isn't working,completed,05/04/2023 09:03,,05/04/2023 09:05,15c01d08b6
da9rcy418hl9lvqz53ibda9ri20uf36h,10005518,Callum,1,5,2,5,Havant noticed a difference in speeds. didn't have a phone call before engineer turned up working from home would of been handy to know when they turned up. gentleman was really considerate and really tidy.,completed,05/04/2023 08:42,,05/04/2023 08:44,15c01d08b6
waytir39uqioy5oxlwaytirsr9vspisd,10005520,Callum,1,5,5,5,Can think of anything was pretty smooth,completed,05/04/2023 08:36,,05/04/2023 08:37,15c01d08b6
58sflfabqka4yy273aqq58sflfar1841,10005690,Brandon,1,5,3,5,Broadband doesn't work,completed,03/04/2023 13:41,,03/04/2023 13:43,f0f0240483
heybmsrou4xzparb8vheybmwwzhfuo9n,10005498,Callum,1,5,5,5,very good,completed,03/04/2023 13:20,,03/04/2023 13:20,f0f0240483
06mdelwqyxio184jp06mjk235lndkiel,10005503,Callum,1,4,5,5,could of been more informative,completed,03/04/2023 13:14,,03/04/2023 13:16,f0f0240483
8y37hfl1tzjj9i7in68y37hr8imdysbr,10005436,Callum,1,5,5,5,All good,completed,03/04/2023 13:12,,03/04/2023 13:12,f0f0240483
7kqxrnoo0x3kef2r7kqxrnotqp2cs3kn,10005674,Mark,1,5,5,5,I wasn't actually there so hard for met  comment,completed,03/04/2023 09:31,,03/04/2023 09:33,f0f0240483
xfx3u2wqifz9ug5c6jovxfx3ux3s3gb5,10005682,Mark,1,5,5,5,Not really,completed,03/04/2023 09:27,,03/04/2023 09:30,f0f0240483
zbaejppvpssepxnvzbarhfu3b4wxz84w,10005681,Daniel,1,5,5,1,I had no internet the day after they installed it.,completed,03/04/2023 09:20,,03/04/2023 09:24,f0f0240483
inaiyisw14io1jinai5gd3zx0njc0mhi,10005688,Paul,1,5,5,5,very polite and helpful,completed,03/04/2023 09:17,,03/04/2023 09:19,f0f0240483
b4x2sbmnjhz3bu9eb4x2s0wfqsi7211t,10005502,Brandon,1,5,5,5,lads were very good,completed,03/04/2023 09:06,,03/04/2023 09:07,f0f0240483
ro0cf72njulvw22rxrojw3hph93xw2gf,10005773,Daniel,1,5,5,5,Danny was brilliant,completed,03/04/2023 09:01,,03/04/2023 09:02,f0f0240483
u34q75qeatpkznt6fxu34qa9se7gyjz2,10005480,Callum,1,5,5,5,No,completed,30/03/2023 13:35,,30/03/2023 13:35,f0f0240483
gckmip7xzdzqcgckmilvbbihqji2dgyl,10005712,Daniel,1,5,5,5,No,completed,30/03/2023 13:30,,30/03/2023 13:31,f0f0240483
19iehpgd3kfktnalws019ieh14oysl9g,10005660,Mark,1,5,3,5,Was not shown connection speed.,completed,30/03/2023 10:00,,30/03/2023 10:02,f0f0240483
0hnicf3zfr78bh4snu8nf0hnic1jkb8i,10005471,Callum,1,5,5,5,they were really good. the best service,completed,29/03/2023 13:33,,29/03/2023 13:34,f0f0240483
p5wphdcs1au6qjfzpop5wphdygq1wow2,10005656,Paul,1,5,5,5,He was very satisfactory,completed,29/03/2023 09:45,,29/03/2023 09:48,f0f0240483
sis7nexn625sprwrpzbsis7nexvmbijt,10005646,Anthony,1,5,5,5,When it was originally installed i thought it was through freedom fibre but it was through BT,completed,29/03/2023 09:40,,29/03/2023 09:42,f0f0240483
29ursmii31zmi27b29ursahh7j417g4q,10005641,Paul,1,4,5,5,"Not on the install, i have been wondering how much of a difference will it actual make",completed,29/03/2023 09:36,,29/03/2023 09:38,f0f0240483
lgu4wxrk9jhtllgu4w0ay1q9vhywia0f,10005640,Anthony,1,5,5,5,Everything went well,completed,29/03/2023 09:29,,29/03/2023 09:30,f0f0240483
ea1gbmnssjrpvpm315zea1gpva0mbvis,10005474,Brandon,1,5,5,5,They were very plesent young,completed,29/03/2023 09:26,,29/03/2023 09:27,f0f0240483
qlpdzpnabz47thwqlpdzadnw7yp1rq3b,10005084,Brandon,1,5,5,5,No,completed,28/03/2023 13:27,,28/03/2023 13:28,f0f0240483
30b1c8028c89fw3m2is8ri5mdssm2is8,10005619,Daniel,1,5,5,5,Absolutely Brilliant,completed,28/03/2023 09:56,,28/03/2023 09:57,f0f0240483
yzzrdfc5h0yow9q3yzzr7xpe7u2pjhdt,10005618,Anthony,1,5,5,5,No,completed,28/03/2023 09:54,,28/03/2023 09:55,f0f0240483
j60k3nzd86zeqrk1qj60k1una1ex2h02,10005594,Mark,1,5,5,5,Really nice blokes,completed,27/03/2023 13:26,,27/03/2023 13:27,f0f0240483
xzieikweyvzpl6ywpqxxzieikw808pxm,10005601,Daniel,1,5,5,5,Since it Been installed ive noticed its dropping,completed,27/03/2023 13:23,,27/03/2023 13:25,f0f0240483
2ar477926e8hqdauw2za2ar47zdrk4h2,10005749,Mark,1,5,5,5,Everything is fine,completed,27/03/2023 09:56,,27/03/2023 09:58,f0f0240483
qlwgfezk9t9doqlwg1cboo65567ct96e,10005600,Anthony ,0,5,5,5,Really satisfied,completed,27/03/2023 09:41,,27/03/2023 09:44,f0f0240483
w6e0plv4zo3wf24vj5l522w6e0p9gnow,10005448,Brandon,1,4,1,1,Speeds are worse than they've ever been. the engineer was lovely and clean.,completed,27/03/2023 09:38,,27/03/2023 09:40,f0f0240483
27vhrcf59fbxfjv27vhrqssdyx4xq4cv,144083621,Anthony ,1,4,5,4,the leads between the router and connecter dont stretch along with the power cable and ethernet cable re all too small,completed,25/03/2023 10:58,,25/03/2023 10:59,f0f0240483
whdcn4k81gek2ub5g5owhdcn4lnivp0m,10005438,Callum,1,3,5,3,When you drill a hole through the wall as the engineer did do. it created some dust that was not cleaned up.,completed,25/03/2023 10:52,,25/03/2023 10:54,f0f0240483
kr0hzxpyetp6l1cs5yizkr0hzxplo1br,10005553,Mark,1,5,5,5,Very efficient,completed,24/03/2023 14:12,,24/03/2023 14:16,f0f0240483
y70nd3q09zlbg5vsrsv5jbty70nd3woz,10005559,Daniel,1,5,5,5,Good service,completed,24/03/2023 14:08,,24/03/2023 14:09,f0f0240483
zwpsu8o8m8zex9s05i086zwpsu8gyn8m,10005445,Callum,1,1,1,1,"Broadband not working at all,",completed,24/03/2023 11:26,,24/03/2023 11:33,f0f0240483
otjyz4xzr2xe25p5t4hwkotjyzlvaqja,10005588,Daniel,1,5,5,5,No,completed,24/03/2023 11:24,,24/03/2023 11:25,f0f0240483
6bkdsqb3wplbknzwncjh6bkdsq0mwa1q,10005580,Mark,1,4,4,4,engineer was fine,completed,24/03/2023 11:21,,24/03/2023 11:22,f0f0240483
yuzey53gmrutnvktpssmpyuzey5jj9ao,10005444,Brandon,1,4,3,4,"not had change to comment on speed, all is well",completed,24/03/2023 11:17,,24/03/2023 11:19,f0f0240483
ixvf7ux44jdd113uixvf7qoihu24g8th,10005441,Brandon,1,5,5,5,"He was very very good, he tidied and showed me everything",completed,24/03/2023 11:15,,24/03/2023 11:16,f0f0240483
zj3jxaa0w2goij45xy5zj3jxaas00ev1,10005586,Anthony,1,5,5,5,He did a fantastic job,completed,24/03/2023 11:13,,24/03/2023 11:15,f0f0240483
6s6pfvehtgshu8a26b6s6pfvehbf9524,10005437,Callum,1,5,3,5,Havant notice difference in the speed.,completed,24/03/2023 10:56,,24/03/2023 10:57,f0f0240483
ji8ipffzzr5qrt3w1kji8i7tvjo2yezx,10005568,Mark,1,5,5,5,No,completed,24/03/2023 10:46,,24/03/2023 10:47,f0f0240483
2qr4ps8sj0yy1q4bohg5j2qr4psx5wkv,10005565,Anthony,1,4,4,4,No,completed,24/03/2023 10:01,,24/03/2023 10:43,f0f0240483
ymybswrwjte3to2pyxvxkymybswriyal,10005552,Mark,1,5,5,5,it was good,completed,24/03/2023 09:59,,24/03/2023 10:00,f0f0240483
2vm873c7fq1b0zr0lcvk2vm8782wqce3,10005557,Paul,1,5,5,5,Everything went really well,completed,24/03/2023 09:51,,24/03/2023 09:53,f0f0240483
mdptfejr7hgxztmdpmbnqlum6zs2jym6,10005554,Anthony,1,5,5,5,Everything was fine thanks very happy,completed,24/03/2023 09:45,,24/03/2023 09:47,f0f0240483
hg7glchfmibaazdh4ae8jxj8hg7glc32,10005432,Brandon,1,5,5,5,"Engineer was really good, worked really well and was please, router needs replacing on off button isnt working",completed,24/03/2023 09:38,,24/03/2023 09:40,f0f0240483
n1suavtv3r9aozn1suzj7k6sozd5lg58,10005318,Mark,1,5,5,5,Really pleased,completed,21/03/2023 14:23,,21/03/2023 14:25,f0f0240483
cs9d3jia70aepcsjlp2oayp9ywx5dgpj,10005283,Daniel,1,5,5,5,No,completed,21/03/2023 13:11,,21/03/2023 13:12,f0f0240483
p2k29wua2lxffetttmhw3p2k29wlnd34,10005763,Mark,1,5,5,5,no,completed,21/03/2023 12:51,,21/03/2023 12:52,f0f0240483
50iu8248cehkgigx5t50iu8n8lbz4rim,10005422,Callum,0,5,5,4,Wasnt given a appointment time very tidy and vacuumed,completed,21/03/2023 11:49,,21/03/2023 11:51,f0f0240483
9520eckp5j1ehp8952ypib35njpoybhc,10005424,Brandon,1,5,5,5,Keep up the good work,completed,21/03/2023 11:46,,21/03/2023 11:47,f0f0240483
70laegttu7jy272rwge9w70laegtf133,10005543,Paul,1,5,5,5,no,completed,21/03/2023 11:40,,21/03/2023 11:42,f0f0240483
zx0o4c1zmq849qxtzx0og6w4w05p2htd,10005546,Daniel,1,5,5,5,No,completed,21/03/2023 11:34,,21/03/2023 11:35,f0f0240483
7h66d6nsxq56seiy6r7h66gr8tmbe9oc,10005423,Callum,1,5,5,3,Dont like the big brown box outside.,completed,21/03/2023 11:30,,21/03/2023 11:31,f0f0240483
ehzmpt1ped3ztt62t7nrehzm585c3oi4,10005325,Brandon,1,5,5,5,it all went very well,completed,20/03/2023 11:14,,20/03/2023 11:15,f0f0240483
bney3b2pqv89zwjph0owebney3472p7t,10005164,Mark,1,5,5,5,"Just 1 issue, the original appointment i had to contact to change the date but got no reminder.",completed,20/03/2023 11:10,,20/03/2023 11:11,f0f0240483
sfozm4iapz64m55y1sfolr8gxcg1r93x,10005348,Mark,1,5,5,5,it all was fine,completed,16/03/2023 14:37,,16/03/2023 14:38,f0f0240483
idi4o4gdv5fuh9t6idik6x210b69cmpn,10005362,Daniel,1,5,5,5,Customer has advised that the broadband has stopped working but has contacted TT.,completed,16/03/2023 14:29,,16/03/2023 14:31,f0f0240483
loios0kb56kw3k0tfz5kloirt9j0rsqj,10005346,Daniel,1,5,5,5,made a cup of coffee which he took outside he then went up the pole then put the coffee on bin and they took the cup as well but its one of those thing. i just mentioned that as it was amusing he was superb,completed,16/03/2023 10:15,,16/03/2023 10:17,f0f0240483
y9kr2x2yp88e2yak1nzy9kr2pd83m8dk,10005354,Daniel,1,5,4,4,"Too early to comment on speed, the installers were lovely",completed,16/03/2023 09:33,,16/03/2023 09:44,f0f0240483
ze2in26c3wahczze2i24pqb19wykm38h,10005352,Paul,1,5,3,5,"Noticed no difference in the speed,",completed,16/03/2023 09:29,,16/03/2023 09:31,f0f0240483
ohvpwy5wz68cohvpijnukmmpvojc2bas,10005337,Daniel,1,5,5,5,I didn't know it was going to be faster.,completed,15/03/2023 13:40,,15/03/2023 13:41,f0f0240483
xomiju32f2vivw9ngf70xxomije8m0bw,10005334,Brandon,0,5,5,4,"Informed customer that they will be late, wasnt there for installation. mystified at the beginning on how it all as going to work.",completed,15/03/2023 13:36,,15/03/2023 13:39,f0f0240483
mtb4zltdoxo3q9mzcimtb4zgdqfcowbq,10005319,Paul,1,5,5,5,no comment,completed,15/03/2023 13:26,,15/03/2023 13:33,f0f0240483
vsm9d767aw17mvsmpcpwae6uqw6bhroh,14307848,Mark,1,1,4,3,"Ont has fallen off, leaves two holes on wall and looks a mess, would like repaired asap",completed,15/03/2023 10:01,,15/03/2023 10:05,f0f0240483
3gm6o1eeez6ca6snss23gm6o1eers1no,10005328,Paul,1,5,5,5,reluctant to drill from outside to in and had to be persuaded. apparently never been asked to drill from out to and aim delighted with the installation.,completed,15/03/2023 09:58,,15/03/2023 10:00,f0f0240483
2qnbgng9urdmnfu1bkc2qnbgng9a2mbm,10005415,Callum,1,5,4,5,Nothing to do with installation,completed,15/03/2023 09:52,,15/03/2023 09:54,f0f0240483
s8j2xq824t09bi37ws8j2xjktche0hvp,10005391,Callum,1,5,5,5,Engineer was great,completed,15/03/2023 09:51,,15/03/2023 09:52,f0f0240483
5azzl8gtlcxx4g045azglgc65ebh666g,10005332,Anthony,1,5,3,4,"Haven't noticed a different in speed, tony was brilliant",completed,15/03/2023 09:47,,15/03/2023 09:49,f0f0240483
3ytxs3bqq39souo9w96j3ytxs3knmddi,10005342,Daniel,1,5,5,5,"The guys were very good, no mess, very friendly",completed,15/03/2023 09:43,,15/03/2023 09:44,f0f0240483
pciuln62lo6qixhnll7pciu1fpxt2qvf,10005322,Paul,1,4,4,5,pain free and straight forward,completed,15/03/2023 09:31,,15/03/2023 09:35,f0f0240483
dhrqhwjwxgknm3hlu6wsdhrqzo7tub98,10005378,Daniel,1,5,5,5,all good no problem,completed,15/03/2023 09:26,,15/03/2023 09:27,f0f0240483
muheiucwco6cfkdzz018muhei1ff6peg,10005310,Mark,1,5,5,5,He did a fantastic job,completed,15/03/2023 09:18,,15/03/2023 09:19,f0f0240483
jh69rynulte5miz9jh69rik11pmy9zwu,10005311,Callum,1,5,5,5,very good very friendly,completed,15/03/2023 09:16,,15/03/2023 09:17,f0f0240483
g8400tm9iilemdw0qlg840cvtwy2j1u8,10005300,Paul,1,5,5,5,was all good,completed,11/03/2023 14:34,,11/03/2023 14:35,f0f0240483
ac19ce33w22sqojac195c4ohpezfzz53,10005281,Callum,1,4,4,4,"Where they put the ont the place where it is is a little bit tight in regard to the connection going into the box, Have not noticed a difference with the speed since upgrade.",completed,11/03/2023 14:12,,11/03/2023 14:16,f0f0240483
564o2eymytdnxdiu0s564o6ns53kzfnv,10005290,Brandon,1,5,5,5,First class service,completed,11/03/2023 14:10,,11/03/2023 14:11,f0f0240483
i2ztxnrwjny6wppi2znnennn1ea6ahvu,10005284,Daniel,1,5,4,5,"Not noticed a difference in speed, engineer was good nice and polite and tidy put covers on his boots, put everything where we asked",completed,11/03/2023 14:07,,11/03/2023 14:08,f0f0240483
nb4kxeaib6zrxi2nb4kxeklfxuyzwx35,142729891,Brandon,1,5,5,5,"The guy who came said he cant put Netflix putting it. why is it suddenly in the kitchen, i dint want it kitchen i wanted it in living room.",completed,11/03/2023 11:02,,11/03/2023 11:08,f0f0240483
okql7y5psa0npbokql76calh22wmq6hb,10005307,Paul,1,5,5,5,"Absolutely fantastic, Paul was amazing explained everything",completed,11/03/2023 10:52,,11/03/2023 11:00,f0f0240483
6g17ts1eur55oz4j3ps586g17ts1e2yz,10005275,Mark,1,5,5,5,the only problem we had was during the night we lost the internet connection but its been okay since.,completed,11/03/2023 10:40,,11/03/2023 10:51,f0f0240483
8ihxbf19ulg3c5h248juu8ihxbf11l9a,10005134,Mark,0,5,4,5,"Engineer did inform of being late due to weather conditions, i have got a landline as well and when i came back the landline ahs gone down. wasn't informed landline was separate connection.",completed,11/03/2023 10:36,,11/03/2023 10:38,f0f0240483
9a2uiyfk48mjrhfqywdr9a2uog82nhq1,10005263,Anthony,1,5,5,5,very nice gentleman very efficnet no complaints,completed,09/03/2023 15:11,,09/03/2023 15:12,f0f0240483
px5pe3ftzuvqm6ypx5pphh664ihgjxn8,10005385,Daniel,1,5,5,#N/A,No,completed,09/03/2023 11:43,,09/03/2023 11:45,f0f0240483
u31u04l68dti0ixyo9lrpfu31u04j8tp,10005269,Mark,0,5,5,5,"Engineer was early, really good guys friendly helpful did a good job",completed,09/03/2023 11:41,,09/03/2023 11:42,f0f0240483
dtaemzflp4750i54zkdtaoqnoj5weynd,10005255,Brandon,1,5,5,5,the guy who come was spot on,completed,09/03/2023 11:36,,09/03/2023 11:37,f0f0240483
xeuprrsob4yjwbxeuprrgfxlafr585a2,10005272,Callum,1,5,5,5,"Once everything was connected it seems there was a bit of a delay on getting the service activated. think it was down to admin on the other side, i think that could be improved but didn't take away from the quality of the install.",completed,09/03/2023 11:33,,09/03/2023 11:35,f0f0240483
0275pm9wtcomwbdwy0275pik6vpg8vc5,10005271,Anthony,1,5,5,5,No comments,completed,09/03/2023 11:26,,09/03/2023 11:27,f0f0240483
0z6hox714hpv71p0boe0z6h7ioijjjzk,10005265,Callum,1,5,5,5,No comments,completed,09/03/2023 11:22,,09/03/2023 11:23,f0f0240483
vdsxzxzotk0hsf7vdsxzai05dhfencz2,10005261,Paul,1,5,3,5,Speed was not demonstrated but appears to be fine,completed,09/03/2023 11:18,,09/03/2023 11:20,f0f0240483
duwvrkw23wovrbt740es0lhduwvrkwax,10005397,Brandon,1,5,5,5,Very friendly and tidy,completed,08/03/2023 10:58,,08/03/2023 10:59,f0f0240483
s6wghav2v1de0ohs6wgha90vibd3btn6,10005393,Anthony,1,5,4,4,No feedback,completed,08/03/2023 10:56,,08/03/2023 10:57,f0f0240483
zehmtv7ediae6dcfa8n8zehmtvbr5zb5,10005395,Mark,1,5,5,5,Everything went perfect,completed,08/03/2023 10:46,,08/03/2023 10:56,f0f0240483
efb3xy79ugq89k6jujefb3xyhmpygpzn,10005170,Mark,1,5,5,5,Done a good job,completed,07/03/2023 13:44,,07/03/2023 13:46,f0f0240483
zz73pvb0ty212ikztubzz73pvhtpwrhk,10005203,Daniel,1,5,4,5,Not used Broadband yet so cant comment on speed,completed,07/03/2023 13:41,,07/03/2023 13:42,f0f0240483
7046cyx6qzm9ilimlio7046wlfq4ew1x,10005175,Anthony,1,5,5,5,"Engineer has a lot of experience at the end explained how it worked, also showed speed and all really really good",completed,07/03/2023 10:10,,07/03/2023 10:11,f0f0240483
a8mlwx3x66vu4fl68pzfda8mlqaqurbg,10005118,Daniel,1,5,5,5,he said you've got 150mb I've been using computer since fir day and i don't see any difference,completed,06/03/2023 15:50,,06/03/2023 15:52,f0f0240483
a6jv9m2jelyqnr4e1a6jv9rqmxylx3o7,10005195,Mark,1,4,3,5,No feedback,completed,06/03/2023 11:09,,06/03/2023 11:11,f0f0240483
446c5hdhtf01wj21bcofzy446c5hdjug,10005363,Paul,1,5,5,4,Everyone was very nice and very accommodating with what we wanted to do,completed,03/03/2023 11:55,,03/03/2023 11:56,f0f0240483
zkc41s8jfox6pe1u7haezkc41u7mms0t,10005109,Brandon,1,5,5,5,N/A,completed,03/03/2023 11:52,,03/03/2023 11:54,f0f0240483
6kc2jrh96t1eh0qidpl4wc6kc2jruy37,10005107,Brandon,1,3,5,2,"there was a box installed inside, I dont think that was secure to the wall properly, could see from the beginning that there was movement on the walls. We dont have very good walls it crumbles away when you drill a hole. I did have a look outside, I asked him id do all the cable management, everything else was fine indoors, regarding the outside part there was a plant pot in the way, when i put the plant pot back i did notice cabling clips that hold the cables on some of them weren't knocked in properly",completed,03/03/2023 11:39,,03/03/2023 11:47,f0f0240483
jdm8a6oew53puhn2ijdm8603kpt7hvqu,10005222,Mark,1,5,5,5,Everything was straight forward and was happy with everything,completed,03/03/2023 11:19,,03/03/2023 11:37,f0f0240483
e4fo2p25tz64khowh4e4fo2p24v6oe9k,10005254,Anthony,1,5,5,4,Only when the guy turned up we had a metal pole instead of a wooden one and delayed the installation. if a pre visit was done it would of made it alot smoother,completed,03/03/2023 11:14,,03/03/2023 11:16,f0f0240483
5p1yd3iobhb80jopvoh7j5p1yd3xj788,10005198,Mark,1,5,5,5,They were efficient and courteous,completed,03/03/2023 11:12,,03/03/2023 11:13,f0f0240483
3rhv6tbc87dkblm3rhvf9om9m7pu806c,10005183,Anthony,1,5,1,4,Was fine for 20 minutes and then became very intermittent. the guys were nice and polite and tidied up after themselves,completed,03/03/2023 10:22,,03/03/2023 10:25,f0f0240483
dp3xmuth13sk81ynor7p6926gudp3xmu,10005173,Anthony,1,5,5,5,bit of problem with phone since i did it. saying connected but n internet,completed,02/03/2023 14:07,,02/03/2023 14:09,f0f0240483
f5mydqa6m06i0usjht56f5mydq9ksa1a,10005163,Paul,1,2,2,5,Signal is too weak due to router being to far away form TV.,completed,02/03/2023 14:01,,02/03/2023 14:03,f0f0240483
mv17y1les11b0v7mv17ae1xpgpxuh3p3,10005101,Brandon,1,5,5,5,The engineer was very helpful,completed,02/03/2023 11:54,,02/03/2023 11:55,f0f0240483
r13o5swmqu4ez5peusr13o5gb16biz49,10005104,Callum,1,5,5,5,N/a,completed,02/03/2023 11:39,,02/03/2023 11:49,f0f0240483
qdkm7sez1txoz69g3z2ip4qlwqdkm7sy,10005186,Paul,1,5,5,5,broadband keeps going off when walking past telephone.,completed,02/03/2023 11:16,,02/03/2023 11:19,f0f0240483
csv19opunsbjnoqlm3qj3kij1csv19op,10005180,Daniel,1,5,5,5,Great service nice present engineer,completed,02/03/2023 10:38,,02/03/2023 10:39,f0f0240483
wwa6ppd4z3hjjf7mt1wwa6p15k6srlrz,10005253,Daniel,0,5,5,5,"When i signed up i was told i would receive a router through the post it never arrived, was told id receive and email and letter and they didn't arrive.",completed,02/03/2023 09:56,,02/03/2023 10:13,f0f0240483
wg66mpmq25crdqnwwg66moxwrgg7y2zo,10005096,Peter,1,4,1,4,Broadband is not working. cant pay gas bill at the moment . the installation was fine.,completed,02/03/2023 09:48,,02/03/2023 09:51,f0f0240483
rghrbc84s4htfbjk88g3krqrghrbcbwo,10005098,Brandon,1,5,5,5,they were good lads,completed,02/03/2023 09:44,,02/03/2023 09:46,f0f0240483
91drxqgyyk4w3rnvxjcn3n891drcmt00,10005161,Mark,1,5,5,5,Couldn't of gone better,completed,02/03/2023 09:38,,02/03/2023 09:39,f0f0240483
q2aqgx6d0k1jvkd5q2aq3jzbtf8olwqs,10005153,Mark,0,5,5,5,n/a,completed,01/03/2023 11:07,,01/03/2023 11:10,f0f0240483
01vtvgul4xqwo2q7y01vt5vzpcqh5rxm,10005157,Mark,0,5,5,5,N/a,completed,01/03/2023 11:01,,01/03/2023 11:02,f0f0240483
q9g76llaibnjkiqr5haw7q9g767zlnqs,10005246,Daniel,0,4,5,5,i think it would of been nice i know if it was pole or underground before hand so they could of prepared,completed,01/03/2023 10:55,,01/03/2023 10:59,f0f0240483
rbxwr5m2pudpsf9u3rbxwckytbp5le19,10005086,Callum,1,5,5,5,"Callum was respectful of the home and property very polite and chatty, explained everything very clearly was a lovely lovely lad",completed,28/02/2023 14:27,,28/02/2023 14:28,f0f0240483
yu1trm2gglje1zworyu1trm2aht7jefr,10005139,Mark,1,5,1,5,"Don't currently have any internet,",completed,28/02/2023 14:11,,28/02/2023 14:13,f0f0240483
yef5qp1dufwiuqhbyef5qpdjacebolgt,10005213,Daniel,1,5,4,5,"Speed was not demonstrated, very nice had to have another chap out to turn wifi back on as accidently turned off and wasn't explained",completed,28/02/2023 14:07,,28/02/2023 14:09,f0f0240483
1q3a62m85f2jvsc1q3hco23m13zqb13j,10005148,Anthony,1,5,5,5,there service was so poor before its like buying a roles Royce,completed,28/02/2023 11:31,,28/02/2023 11:32,f0f0240483
ryuaqgq0em64eqm1v68ryuaqgd3iaeds,10005193,Mark,1,5,1,1,"Service still not activated, and cant recommend And not receiving the service. engineer was fine.",completed,28/02/2023 11:22,,28/02/2023 11:23,f0f0240483
1dba00kck4nrs3zgbu1dbasgilpkn1fz,10005149,Daniel,1,4,3,3,Speeds were not demonstrated and when asked about recommendation they advised we will have to wait and see,completed,28/02/2023 11:17,,28/02/2023 11:19,f0f0240483
8tqhc292pb5ql2i3198tqhd80q0ydztd,10005205,Daniel,1,5,5,5,everything went very well,completed,28/02/2023 11:14,,28/02/2023 11:15,f0f0240483
o1yx8l6rnmr2t0wbo1yx8l62s7bed4ny,10005141,Anthony ,1,5,5,5,No comment,completed,28/02/2023 11:10,,28/02/2023 11:11,f0f0240483
vv3vvfxf2x7q6qi3qeadvv3lro2lv1vj,10005085,Callum,1,3,5,4,"The wiring at the front of the house looks untidy, will try and tidy that up a bit myself.",completed,28/02/2023 11:00,,28/02/2023 11:02,f0f0240483
b1vp6teoa9ykyrp5xdquib1vp6tww920,10005135,Mark,1,5,3,5,Havant has a chance to try the speed  yet that's why its a 3,completed,28/02/2023 10:52,,28/02/2023 10:54,f0f0240483
8w9te65tzxzeq1lh6fam8w9t9nev1r6m,10005077,Callum,1,5,5,5,all went smoothly,completed,27/02/2023 12:56,,27/02/2023 12:57,f0f0240483
oqw6f5wv5pnzwikap80jy3oqwqerwplm,10005212,Paul,1,5,2,2,If it was recommending the actual engineer i would give it a 5 but speeds don't work in any other apart from where the router is a drops out quite often. as soon as it hits peak time i might as well not have broadband,completed,27/02/2023 12:43,,27/02/2023 12:51,f0f0240483
appsfl2lk2zjtzgnappslealpavo0amo,10005080,Callum,1,5,5,5,"Had issue with speed but engineer came back and sorted it, the two guys that came they were very friendly and helpful",completed,27/02/2023 11:28,,27/02/2023 11:30,f0f0240483
ie8xmjpf6k7b7145pkqd0ie8xmjidip0,10005082,Callum,1,5,3,5,Didn't show me  speeds to me so gave middle score,completed,27/02/2023 11:25,,27/02/2023 11:27,f0f0240483
4yepjlrqoo06qxpu4l34yepjmmhjo7xh,10005122,Mark,1,5,5,5,"They called the day before to confirm, everyone was really nice and cleaned up first class i cant complain",completed,27/02/2023 11:10,,27/02/2023 11:24,f0f0240483
izdf2iqiu7ug1dgk9izdfdejiu6wkiyc,10005132,Mark,1,5,5,5,Really good and really happy.,completed,27/02/2023 11:07,,27/02/2023 11:07,f0f0240483
hmk0dltc8lahdiydr4bhmk0848a7wr77,10005111,Anthony,1,5,5,1,"Customer service is not working, engineer did a great job. have been trying to get this sorted from talk talk and sent out the wrong engineer. and services still not working",completed,23/02/2023 11:08,,23/02/2023 11:13,15c01d08b6
rizgcvq46uo0dqaimxkrizgcvyf45fn9,10005079,Callum,1,5,5,5,They were great the two lads that come,completed,23/02/2023 11:06,,23/02/2023 11:07,15c01d08b6
ci6r336d99ge0rp570ci6r3ng0ebpjia,10005116,Anthony,1,2,1,3,"Having intermittent connection, nothing doesn't work.",completed,23/02/2023 11:01,,23/02/2023 11:03,15c01d08b6
7oviehro3tflja7ovieffvax976375ua,10005081,Brandon,1,5,5,5,Happy with install,completed,23/02/2023 09:43,,23/02/2023 09:44,15c01d08b6
3eb085mb4brgaoc9863xv3eb085mx9sh,10005226,Brandon,1,5,4,5,No issues with speeds.,completed,23/02/2023 09:32,,23/02/2023 09:34,15c01d08b6
89sm8jg2yqkw8xap20a389sm8jg2yk50,10005232,Paul,1,5,5,5,The guys were amazing went out of there way to get the job done and very clean and friendly,completed,23/02/2023 09:29,,23/02/2023 09:30,15c01d08b6
79hu7zvx0vvz00yyub79heiy1kyd9kdf,10005233,Mark,1,5,5,5,The only thing is i have not received any documentation.,completed,23/02/2023 09:25,,23/02/2023 09:27,15c01d08b6
jfuvbo2xelg504r8emjfuvbgm6yuhk84,10004932,Anthony,1,5,4,5,No feedback,completed,21/02/2023 09:41,,21/02/2023 09:42,f0f0240483
dm3jb0kbuabywft1jqdm3jj24zu2j104,10004764,Keiron,1,5,3,3,"Speeds: Its a good speed but its not consistent, keeps dropping out. the engineer was extremely and helpful and wasn't their fault for the delay.",completed,21/02/2023 09:36,,21/02/2023 09:38,f0f0240483
tdcer3c96bl6goqwtdcerngpnsd7b707,10004912,Mark,1,5,5,5,Its been great hasn't gone off once,completed,20/02/2023 11:29,,20/02/2023 11:30,f0f0240483
9p6tjqef918uxmr1m269p6tj85isw57x,10005171,Anthony,1,5,5,5,The only problem i have is since Ive upgraded the fire stick keeps jumping more than crashing,completed,20/02/2023 11:11,,20/02/2023 11:13,f0f0240483
vyvkq6xm955ntgllvyvkq6xau13eyt31,10004814,Brandon,1,5,5,5,N/a,completed,20/02/2023 09:54,,20/02/2023 10:30,f0f0240483
5iazf3foyqwzo6gigc05iazh78oq0lnt,10004904,Brandon,0,4,4,5,"The only thing was, before he left he sort of left me a bit in the middle of nowhere, it was only the supervisor that explained everything and put everything back where it should be",completed,20/02/2023 09:49,,20/02/2023 09:51,f0f0240483
jtc1afxehirpzbooyjtc1af4y0bg8u7v,10004719,Anthony,0,3,3,2,"Engineer called the day before to change time slot and was on time but couldn't arrive in original time slot, comunication was terrible, time it took between appointments and having the customer to basically chase everything up. i thought it was going to be 500mb but getting a lot less around 200-300mb",completed,20/02/2023 09:40,,20/02/2023 09:44,f0f0240483
whhfr7tdmzbhm7lgwhm4ujhzmmryo491,10005031,Anthony,1,5,5,5,all as well,completed,20/02/2023 09:27,,20/02/2023 09:28,f0f0240483
o7fqtnp4eooo7dpc0gjdaqv5gjhym7sx,10004848,Mark,1,5,3,4,"Broadband keeps dropping out,",completed,16/02/2023 12:47,,16/02/2023 12:50,f0f0240483
5nylwl921jus11zf355nylwl35oxls3z,10005000,Keiron,1,5,5,5,Just enjoyed they were a good lad,completed,16/02/2023 12:41,,16/02/2023 12:43,f0f0240483
rio9d9thuhz9qud6dd83ryrio9d9fz8o,10005042,Mark,1,5,5,5,Nothing to do with the installation but having range issue will contact freedom fibre for a mesh extender,completed,16/02/2023 10:39,,16/02/2023 10:41,f0f0240483
k3vtduj4xk5wtnlfk3vtd8l12jxyfbbt,10004871,Callum,1,5,5,5,Installation was spot on,completed,16/02/2023 10:01,,16/02/2023 10:07,f0f0240483
hybrsmuctrn4484i8hybenmr6a6mrzrb,10004886,Brandon,1,5,1,2,"Hasnt worked since installation Engineer did a good job, lovely polite clean and tidy,",completed,15/02/2023 10:53,,15/02/2023 10:56,f0f0240483
rgypovrq4u0necd84rgypo6xqjt71blg,10004881,Callum,1,5,5,5,"went very smoothly, i got an email and a letter explain everything",completed,15/02/2023 10:08,,15/02/2023 10:10,f0f0240483
5non4mxjstui6gap8bo5non4mpk8no5d,10004885,Brandon,1,5,5,5,"The engineer was brilliant, very clean and speeds are amazing",completed,15/02/2023 10:01,,15/02/2023 10:05,f0f0240483
it0ujeg44lj31ixfit0ujacz0kzsvh0f,10005049,Anthony,0,5,1,1,"Not arrived on time but was warned there would be late, couldnt demonstrate connection speed as services are still not working, Wasnt the engineers fault, pas it on to someone but not heard anything since and its been over a week",completed,15/02/2023 09:32,,15/02/2023 09:45,f0f0240483
vfdf3n45yx8abkvfdcme8zs1fvuheq6c,10005048,Anthony,1,5,5,5,"I found the whole thing from start to finish to be very profession and a good experience and happy with the product i have so far, very reliable",completed,15/02/2023 09:26,,15/02/2023 09:30,f0f0240483
3kewuvhimqig74vno3kewujrodbe7tvi,10004818,Callum,1,4,5,5,"The only thing I was concerned about was they did the install and everything was fine, then said and i can use my telly now cos its though talk talk on the internet o had to put another box in so didn't have the right information.",completed,14/02/2023 13:21,,14/02/2023 13:24,f0f0240483
r8qbkqks7m96ma6dvr8atngqm12ktmbi,10004859,Callum,1,5,5,5,"Everything went okay, the only thing was i would of liked a bit more time where i was going to put it",completed,14/02/2023 12:51,,14/02/2023 12:53,f0f0240483
thzog5106fp154fee1thzog51q4ipnmg,10004860,Callum,1,5,1,5,"Very nice guy called callum installed it, finished and off they went and it wasnt working after, they came Wednesday afternoon and it dropped out again, have never had such a miserable time talking to talk talk. Even had one woman saying he was using the 3 year old router which he wasn't, an appointment was made for freedom fibre to come back to the house. Friday received a call for someone to come look, discovered it was something that the freedom fibre computers went switched out. if i ever have to talk talk again i will rip the installation out and go somewhere else.",completed,14/02/2023 12:44,,14/02/2023 12:49,f0f0240483
rkrevj8p7pg4r2ft6fprkrevj8wow402,10004979,Paul,1,5,5,5,only thing is the modem hadn't arrived by the time the engineer came to fit the cable,completed,14/02/2023 12:42,,14/02/2023 12:43,f0f0240483
ck4jxem6kxbw03t42j4okck4jxeu1h1l,10004956,Mark,1,5,5,5,"On the day quite alot of people turned up, the chap who did the installation had 2 people with him very good instructor as well as engineer very polite.",completed,14/02/2023 11:25,,14/02/2023 11:27,f0f0240483
crfuoyzpfzi09si1ludncrfuoye6j90l,10004816,Callum,1,5,3,3,"They Didn't explain about resetting everything, Box was in centre of the property and now in a corner and not serving the whole property as well as it should so speeds are slower.",completed,14/02/2023 10:53,,14/02/2023 10:57,f0f0240483
zn0lqj32278bbf53trngzn0lqj386uks,10004826,Daniel,1,5,5,5,Engineer was very professional and friendly and made us feel at ease,completed,14/02/2023 10:50,,14/02/2023 10:51,f0f0240483
9x6mbrqhgqpzx1s9x6f59erehl2zhz8g,10004813,Brandon,1,5,5,5,"my son said he would love it but cant have it and doesn't live in the area, very chuffed",completed,14/02/2023 10:46,,14/02/2023 10:48,f0f0240483
owno1ylurx06q3ft83sfowno1ie9jp0f,10004817,Brandon,1,5,5,5,N/A,completed,14/02/2023 10:43,,14/02/2023 10:44,f0f0240483
zv17hzqdwulilivv648zv18a1wxp4cg6,10004855,Brandon,1,5,4,5,Everything went as it should of done and that was it,completed,14/02/2023 09:52,,14/02/2023 09:53,f0f0240483
96fd4dqedhhj07b2ojf96fd4dq389y18,10004846,Keiron,1,5,5,4,"Broadband keeps going off, Engineer was fine",completed,14/02/2023 09:35,,14/02/2023 09:39,f0f0240483
6xumgglf3uwmnqsnye9d6xumgko3s2ii,10004845,Paul,1,5,5,5,"The only problem I have is where he installed the box, he installed it in the kitchen but would prefer it in the living room but he said he couldn't go all around the house.",completed,14/02/2023 09:30,,14/02/2023 09:33,f0f0240483
ih8f2ky7aigclown5piih8f2eenbmz5o,10004843,Daniel,1,5,5,5,"They were top notch , they were brilliant, very presentable, very polite, couldn't of asked for better",completed,13/02/2023 15:53,,13/02/2023 15:55,f0f0240483
0ksc0kh06lpo2s8jmo0ksc0kxmsy5vn0,10004856,Brandon,1,5,5,5,Very present man,completed,13/02/2023 15:46,,13/02/2023 15:48,f0f0240483
dl0y2paqbdgclplsdl0aca58xaha7lih,13683005,Mark,1,5,5,5,the boys were fantastic can fault them.,completed,07/02/2023 16:22,,07/02/2023 16:23,737d2a4757
j66bi2eju8hmq3ss09or7j66bi2e6m2e,13677229,Callum,1,5,5,5,everything is working fine and engineers and install was brilliant.,completed,07/02/2023 16:18,,07/02/2023 16:19,737d2a4757
6o6tw5xv5g0k1gl06o6kuutdals8e6mo,13887901,Daniel,1,5,5,5,everything is fine and working great,completed,07/02/2023 15:50,,07/02/2023 15:51,737d2a4757
cb2zucgfkyq55lacb2zuahwrlilhxtgy,10004833,Keiron,1,5,5,5,"the boys were excellent , cant fault them",completed,01/02/2023 18:39,,01/02/2023 18:54,737d2a4757
lay5el2s2wcyutoskilay5el7nzz3t0h,10004831,Paul,1,5,5,5,"Brilliant, good worker nice guy and polite.",completed,01/02/2023 09:44,,01/02/2023 09:46,3d7c9ea67c
env8eqhguy8qytiby24yanenv8eqhgco,10004832,Keiron,0,4,4,4,"No shoe covers where put on on when coming into the house, other than that they were very good.",completed,01/02/2023 09:40,,01/02/2023 09:42,3d7c9ea67c
m222cxyfkfqycvdv5em222csimq501ll,10004839,Keiron,1,5,5,5,N/a,completed,01/02/2023 09:34,,01/02/2023 09:39,3d7c9ea67c
9vbzc7cb5m49o6v4dg9vbzcv3nantz7s,10004936,Callum,1,4,3,4,"Mostly it went very smoothly and did what they said they were going to do, if they had a closer look together at the system that was left so we knew what was what i might be able to re-order the wires. but that's neither here or there.",completed,31/01/2023 14:17,,31/01/2023 14:19,3d7c9ea67c
n6pgp4ehrkos822agty5n6pgp4epa38b,10004937,Keiron,1,5,5,5,"The only thing I would say is, the fitter who came was very polite, very informative and couldn't of had a better experience",completed,31/01/2023 09:52,,31/01/2023 09:54,3d7c9ea67c
fc10m5hyo6hsfqmte7yfc10m55ye8fy4,10004934,Keiron,1,5,5,5,Very polite and Good,completed,31/01/2023 09:42,,31/01/2023 09:45,3d7c9ea67c
34ebk2t32kslxoa34ebrw0chtxdtfov9,10004942,Daniel,1,5,1,5,"The guys came, they did a good job and very friendly, system was working until just before they left, WIFI is still on cooper wire as the Fibre to premises isn't working",completed,31/01/2023 09:35,,31/01/2023 09:40,3d7c9ea67c
ac7r0d5wyfhyqohqzoac7rd4xwuhf7z6,10004938,Mark,1,5,4,5,"They were very good, came went left everything tidy, very efficient.",completed,31/01/2023 09:28,,31/01/2023 09:30,3d7c9ea67c
uyq7ms55uwygly18lrktuyq7dyyat8di,10004660,Callum,1,5,5,5,"Callum w as really good, nice bloke to speak to really good service.",completed,27/01/2023 12:54,,27/01/2023 12:55,3d7c9ea67c
u448efcqj5bsfmqycu448ef0rppctvsy,10004806,Anthony,1,5,5,5,"Thought they were very good, didn't get sent a router before hand",completed,26/01/2023 09:32,,26/01/2023 09:34,3d7c9ea67c
px7imae0ozd5qtnbev2px7i92x658sl7,10004646,Callum,1,5,5,5,"Very profession very clean good first class job, the speed is very quick.",completed,24/01/2023 14:12,,24/01/2023 14:15,3d7c9ea67c
az8qhn8ma5qv58856h18az88zp8olmp9,10004974,Keiron,1,5,3,5,No Comments,completed,24/01/2023 14:05,,24/01/2023 14:07,3d7c9ea67c
53b0q8tz2ox7oxiob72m02f53b0q8hej,10004759,Mark,1,5,5,3,Engineer was really efficient,completed,24/01/2023 11:37,,24/01/2023 11:40,3d7c9ea67c
7nqdc81fs9rqdj7b7nqd7xunlk6e10a7,10004808,Anthony,0,5,5,4,No comments,completed,24/01/2023 11:26,,24/01/2023 11:28,3d7c9ea67c
cp7v8v2rutzfmiap6jwp7ncp7v8vwt8i,10004800,Callum,0,5,5,5,Engineer was a really really nice bloke.,completed,20/01/2023 13:05,,20/01/2023 13:07,56306ffa9c
t6ie0mcke1t91t6iz0by2j3ks9tmt58f,10004800,Mark,1,5,5,5,Everything Was good thanks,completed,20/01/2023 13:02,,20/01/2023 13:04,56306ffa9c
syyb5hs8oon4hvvc4syyb58pyargbp17,10004804,Mark,1,5,5,5,"was delighted,",completed,18/01/2023 14:18,,18/01/2023 14:21,56306ffa9c
zork7970bouxaryq5q7xzork79fsqrsz,10004736,Callum,1,5,5,5,"Callum was brilliant, explained what he was doing as he was doing it, very patient and respectful, brilliant guy",completed,17/01/2023 10:50,,17/01/2023 10:52,56306ffa9c
vwh6ntmrtpp9tbmdy9novsovwh6ntm4e,10004627,Mark,1,5,5,5,"Would of preferred a white box or to be given the choice, Very present and efficient team.",completed,17/01/2023 10:43,,17/01/2023 10:46,56306ffa9c
prolnw11us85tvhugddjprolnweh3sle,10004767,Callum,1,5,5,5,Two chaps that arrived were lovely chaps and very friendly and cleaned up after themselves very good workers,completed,16/01/2023 14:23,,16/01/2023 14:25,56306ffa9c
mastflusx508icmastf6k5vf8vtvtz29,10004803,Mark,1,4,1,3,The Staff were friendly but the line wasn't working,completed,16/01/2023 11:23,,16/01/2023 11:26,56306ffa9c
ns1th2rayf2a5b6qfns1th201vfrp2f0,10004801,Paul,1,2,2,2,N/a,completed,16/01/2023 11:12,,16/01/2023 11:14,56306ffa9c
8sratrsjqq9b9jq8sgvy0jfut28qy4de,10004785,Paul,1,5,5,5,N/A,completed,11/01/2023 10:28,,11/01/2023 10:31,56306ffa9c
suv7de4jgawltlguj771nsuv7de3eh2l,10004758,Paul,1,5,5,5,"Very polite, smashing, great job",completed,10/01/2023 14:23,,10/01/2023 14:24,56306ffa9c
gcfuk9240vmypnr68gp0e0hi41b3sbi5,10004689,Callum,1,5,5,5,"They were brilliant, friendly, would wish for any better service",completed,07/01/2023 13:41,,07/01/2023 13:44,56306ffa9c
tagdtyn527d9h9yatagj5pywj4vn8x4j,10004667,Callum,1,5,5,5,"only fault that comes from it was engineer called and asked if everything was okay, had issues with engineers to begin with as confusion with the hub and had to be reconfigured.",completed,06/01/2023 09:42,,06/01/2023 09:49,56306ffa9c
3zzjfx58ujxyd3jr99f3zzjfydqk0e3w,10004775,Anthony,1,5,5,5,Quick simple and easy,completed,06/01/2023 09:34,,06/01/2023 09:35,56306ffa9c
1ypkyaidl7ynywnsyw5lc1ypkyakddpu,110004644,Keiron,1,4,2,3,"Cannot get onto The ipad, and doesn't know who to contact about this.",completed,04/01/2023 11:53,,04/01/2023 11:56,56306ffa9c
4werixuuhtgwb6ufy6z4werixuzck6ne,110004503,Mark,1,5,4,3,N/a,completed,04/01/2023 11:49,,04/01/2023 11:50,56306ffa9c
z31yhit6a8nnjqnfgde3oz31yhimx15z,110004690,Callum,1,5,5,5,N/a,completed,04/01/2023 11:46,,04/01/2023 11:47,56306ffa9c
582evutkh96on089lzo4582evq0742xo,10004685,Brandon,,5,5,5,"When I was first offered fibre, was told by talk talk would be no charge and to find out in six moths time it will go up in price",completed,03/01/2023 14:21,,03/01/2023 14:24,56306ffa9c
s7v8p19h20l09s5s7v8umptkiv308igf,10004682,Callum,,5,5,3,N/a,completed,03/01/2023 09:52,,03/01/2023 09:55,56306ffa9c
